"Time (s)","Linear Acceleration x (m/s^2)","Linear Acceleration y (m/s^2)","Linear Acceleration z (m/s^2)","Absolute acceleration (m/s^2)"
4.626749986E-3,-6.590082474E-1,-2.542492157E-1,6.476650876E-1,9.583342838E-1
1.462974999E-2,-6.812285440E-1,-3.173538288E-1,4.952381158E-1,9.000258736E-1
2.463274999E-2,-6.198302215E-1,-2.901072657E-1,1.994678217E-1,7.128387903E-1
3.463675000E-2,-5.295768399E-1,-1.810277501E-1,-1.882382441E-1,5.904712628E-1
4.463975001E-2,-4.102483977E-1,2.128503442E-2,-5.190526557E-1,6.619459645E-1
5.464374999E-2,-2.357007330E-1,2.891550466E-1,-7.162827480E-1,8.076053811E-1
6.464674999E-2,-1.038586281E-1,5.658455837E-1,-9.414981991E-1,1.103352481E0
7.465075000E-2,5.658973224E-2,7.540607312E-1,-1.205212888E0,1.422795870E0
8.465375000E-2,2.520617723E-1,8.314106235E-1,-1.445638701E0,1.686609028E0
9.465675001E-2,3.611120154E-1,8.487230596E-1,-1.565163390E0,1.816719339E0
1.046607500E-1,3.660746204E-1,8.382372478E-1,-1.415862924E0,1.685621586E0
1.146637500E-1,3.805369408E-1,7.711275843E-1,-1.087033058E0,1.386032822E0
1.246677500E-1,3.826412441E-1,6.753194940E-1,-7.651467597E-1,1.089917568E0
1.346707500E-1,3.603249070E-1,6.206418881E-1,-4.748266554E-1,8.605177189E-1
1.446747500E-1,3.989069190E-1,6.154507300E-1,-2.944488233E-1,7.903204671E-1
1.546777500E-1,4.994980317E-1,6.100938034E-1,-1.739406323E-1,8.074454014E-1
1.646817500E-1,6.199007535E-1,5.983601958E-1,-1.656685764E-1,8.773585044E-1
1.746847500E-1,6.660956575E-1,5.734168509E-1,-1.779296029E-1,8.967436944E-1
1.846877500E-1,7.358489203E-1,5.412141877E-1,-1.203988481E-1,9.213480955E-1
1.946917500E-1,7.724606033E-1,5.366907817E-1,-3.656907141E-2,9.413127407E-1
2.046947500E-1,7.996234050E-1,5.400792432E-1,3.910793245E-2,9.657187009E-1
2.146987083E-1,8.441124570E-1,5.223189104E-1,4.250808835E-2,9.935541363E-1
2.247017083E-1,9.296805377E-1,4.911786863E-1,2.116107345E-3,1.051459406E0
2.347057083E-1,9.803625950E-1,4.903758636E-1,-2.331226408E-2,1.096413593E0
2.447087083E-1,1.037753163E0,5.404552191E-1,-1.998695254E-2,1.170223461E0
2.547127083E-1,1.058179095E0,6.604959252E-1,-4.374886751E-3,1.247404106E0
2.647157083E-1,9.618629549E-1,7.657759202E-1,-1.936831713E-2,1.229621176E0
2.747187083E-1,7.813585306E-1,8.807503062E-1,2.422092140E-2,1.177637002E0
2.847227083E-1,6.509678873E-1,1.051033798E0,1.053650719E-1,1.240779204E0
2.947257083E-1,4.887043639E-1,1.204391938E0,1.225816137E-1,1.305533664E0
3.047297083E-1,3.032195006E-1,1.278583750E0,1.064134777E-1,1.318348322E0
3.147327083E-1,1.765402313E-1,1.327652414E0,1.127308095E-1,1.344074262E0
3.247367083E-1,1.227488806E-1,1.453319896E0,1.021485186E-1,1.462067142E0
3.347397083E-1,1.129101180E-1,1.490238630E0,-1.383743584E-2,1.494573968E0
3.447437083E-1,2.366745320E-1,1.447040863E0,-1.821413523E-1,1.477537670E0
3.547467083E-1,4.727679969E-1,1.376732188E0,-3.908869511E-1,1.507213888E0
3.647497083E-1,5.998299300E-1,1.271762095E0,-6.184447968E-1,1.536114820E0
3.747537083E-1,6.487813941E-1,1.131967741E0,-7.405042541E-1,1.500204924E0
3.847567083E-1,6.508984517E-1,9.998177433E-1,-7.450212282E-1,1.406542194E0
3.947607083E-1,6.183288758E-1,8.436903611E-1,-6.122239441E-1,1.212007501E0
4.047637083E-1,5.456271545E-1,6.815760148E-1,-3.993256527E-1,9.600603275E-1
4.147677083E-1,4.454495861E-1,5.486755273E-1,-2.173410058E-1,7.393965653E-1
4.247707083E-1,3.532553675E-1,4.095117947E-1,-1.235803181E-1,5.547624354E-1
4.347747083E-1,1.977065490E-1,3.053369236E-1,-1.067906231E-1,3.791078390E-1
4.447777083E-1,7.101006696E-2,1.702960628E-1,-1.982656342E-1,2.708365565E-1
4.547807083E-1,-3.337435378E-2,1.047338650E-1,-3.199590558E-1,3.383146868E-1
4.647847083E-1,-5.394555280E-2,1.562814564E-1,-3.035687256E-1,3.456703450E-1
4.747877083E-1,-6.488247732E-2,1.773340639E-1,-3.214997971E-1,3.728528203E-1
4.847917083E-1,-1.658307818E-1,1.973394352E-1,-5.946425360E-1,6.481068172E-1
4.947947083E-1,-1.937908879E-1,3.287348494E-1,-7.185350955E-1,8.135810918E-1
5.047987083E-1,-1.180109183E-1,4.600296915E-1,-8.319652319E-1,9.579770566E-1
5.148017083E-1,-7.317258658E-2,5.689299899E-1,-1.092454011E0,1.233892754E0
5.248057083E-1,-9.440305917E-2,6.820104629E-1,-1.272541822E0,1.446863123E0
5.348087083E-1,-1.610236579E-1,8.197884053E-1,-1.372496465E0,1.606775714E0
5.448117083E-1,-1.059986543E-1,9.269781008E-1,-1.387487556E0,1.672018491E0
5.548157083E-1,-5.884628696E-2,9.865223444E-1,-1.324407794E0,1.652496664E0
5.648187083E-1,2.247059394E-2,1.068752908E0,-1.302381333E0,1.684913897E0
5.748227083E-1,1.040066541E-1,1.075725127E0,-1.351794398E0,1.730707956E0
5.848257083E-1,4.495975278E-2,1.071408421E0,-1.633506231E0,1.954041962E0
5.948297083E-1,-1.388641358E-1,1.091442443E0,-1.862387302E0,2.163103400E0
6.048327083E-1,-4.005970201E-1,1.164456040E0,-1.770453869E0,2.156604448E0
6.148367083E-1,-6.933373967E-1,1.200140428E0,-1.393484461E0,1.965414138E0
6.248397083E-1,-9.925006838E-1,1.081111583E0,-7.285291564E-1,1.638479354E0
6.348427083E-1,-1.124677871E0,8.015880695E-1,9.861212254E-2,1.384618394E0
6.448467083E-1,-1.056051001E0,5.111878583E-1,9.089672148E-1,1.484175913E0
6.548497083E-1,-9.462792481E-1,1.662109056E-1,1.517168859E0,1.795792813E0
6.648537083E-1,-8.188268307E-1,-1.600494021E-1,1.677576111E0,1.873594086E0
6.748567083E-1,-6.779663824E-1,-3.426743191E-1,1.400022817E0,1.592836462E0
6.848607083E-1,-5.834458855E-1,-2.628688887E-1,8.704007345E-1,1.080327077E0
6.948637083E-1,-5.181506496E-1,6.701756984E-2,1.777658808E-1,5.518805656E-1
7.048677083E-1,-5.130612331E-1,5.079859230E-1,-4.695027655E-1,8.612284097E-1
7.148707083E-1,-5.743187108E-1,8.711839691E-1,-1.082924219E0,1.503837875E0
7.248747083E-1,-5.751933812E-1,1.155206037E0,-1.555255283E0,2.020932312E0
7.348777083E-1,-4.961747666E-1,1.326238265E0,-1.860803876E0,2.338308876E0
7.448807083E-1,-4.083158199E-1,1.348428156E0,-2.048252161E0,2.486024380E0
7.548847083E-1,-3.749533615E-1,1.327175281E0,-2.171624318E0,2.572535020E0
7.648877083E-1,-3.825833567E-1,1.305557832E0,-2.128423920E0,2.526071982E0
7.748917083E-1,-3.541044563E-1,1.274115015E0,-1.947613978E0,2.354136624E0
7.848947083E-1,-4.051396489E-1,1.268818315E0,-1.759053553E0,2.206424132E0
7.948987083E-1,-4.904017010E-1,1.244819880E0,-1.525545580E0,2.029127812E0
8.049017083E-1,-5.252973358E-1,1.209345407E0,-1.303160766E0,1.853828899E0
8.149057083E-1,-5.863476028E-1,1.142915483E0,-1.155152535E0,1.727552225E0
8.249087083E-1,-5.678444909E-1,1.080552881E0,-1.024350906E0,1.593529627E0
8.349127083E-1,-4.765222383E-1,1.001052675E0,-9.152675897E-1,1.437669873E0
8.449157083E-1,-3.905688991E-1,9.153705007E-1,-8.215361381E-1,1.290491707E0
8.549187083E-1,-3.116031653E-1,8.019473809E-1,-6.844288713E-1,1.099390292E0
8.649227083E-1,-1.655771771E-1,7.179310781E-1,-5.141871876E-1,8.984594027E-1
8.749257083E-1,-3.670960559E-2,6.906988406E-1,-4.374313724E-1,8.183878598E-1
8.849297083E-1,8.160756061E-2,6.865198356E-1,-4.716621423E-1,8.369196228E-1
8.949327083E-1,2.078198384E-1,7.575348544E-1,-5.837977052E-1,9.787072603E-1
9.049367083E-1,2.743290476E-1,8.493200603E-1,-7.061354899E-1,1.138080982E0
9.149397083E-1,3.019522263E-1,9.039526427E-1,-7.393932831E-1,1.206237105E0
9.249437083E-1,3.284633559E-1,9.328557220E-1,-6.800861442E-1,1.200260446E0
9.349467083E-1,3.946719269E-1,9.829359546E-1,-5.086662465E-1,1.175019307E0
9.449507083E-1,4.966024174E-1,1.024036326E0,-3.008287203E-1,1.177184045E0
9.549537083E-1,6.471696091E-1,1.047054475E0,-1.161835903E-1,1.236385944E0
9.649567083E-1,7.578462917E-1,1.119962822E0,2.321169198E-2,1.352474217E0
9.749607083E-1,8.579454343E-1,1.295612011E0,1.934270632E-1,1.565916626E0
9.849637083E-1,9.148188890E-1,1.576741169E0,3.228926039E-1,1.851287646E0
9.949677083E-1,9.055262746E-1,1.882777420E0,4.163422197E-1,2.130297982E0
1.004970708E0,7.799556374E-1,2.107746411E0,5.327094126E-1,2.309698042E0
1.014974708E0,5.383877899E-1,2.084221016E0,8.167232949E-1,2.302363046E0
1.024977708E0,3.849896687E-1,1.878618734E0,1.283153349E0,2.307359510E0
1.034981708E0,2.190752534E-1,1.475799516E0,1.602480320E0,2.189502536E0
1.044984708E0,1.846166066E-2,9.729990502E-1,1.767648960E0,2.017833202E0
1.054988708E0,-1.667566518E-1,5.091110735E-1,1.574535307E0,1.663178673E0
1.064991708E0,-2.028888631E-1,2.013979876E-1,1.839379678E0,1.861462500E0
1.074994708E0,-1.530670592E-1,3.789185777E-2,2.116181604E0,2.122048515E0
1.084998708E0,-1.967658416E-1,-2.474094352E-1,2.039988291E0,2.064335354E0
1.095001708E0,-9.426680077E-3,-2.040590554E-1,2.499057285E0,2.507392326E0
1.105005708E0,2.682204432E-1,-1.459495725E-1,2.709816665E0,2.726967151E0
1.115008708E0,4.051270408E-1,-1.090697215E-1,2.629607484E0,2.662866809E0
1.125012708E0,6.249338906E-1,1.824993481E-1,2.161175929E0,2.257106505E0
1.135015708E0,1.042697203E0,8.197277404E-1,1.256912214E0,1.827292899E0
1.145019708E0,1.360622816E0,1.358842632E0,5.388384640E-2,1.923707674E0
1.155022708E0,1.404763886E0,1.699842162E0,-1.230888596E0,2.525452769E0
1.165026708E0,1.348703413E0,2.205663884E0,-2.219113065E0,3.407112687E0
1.175029708E0,1.382188079E0,2.687504860E0,-2.769765244E0,4.099356749E0
1.185032708E0,1.406471127E0,2.921670059E0,-2.939035705E0,4.376328123E0
1.195036708E0,1.400378328E0,2.807211397E0,-2.588596868E0,4.067226209E0
1.205039708E0,1.241751700E0,2.301401662E0,-1.722366368E0,3.131284528E0
1.215044083E0,9.613598020E-1,1.633691003E0,-6.847452056E-1,2.015449072E0
1.225047083E0,7.094393130E-1,1.141243764E0,3.381702089E-1,1.385676931E0
1.235051083E0,5.997459128E-1,6.874580213E-1,1.435977346E0,1.701271475E0
1.245054083E0,4.504693477E-1,1.569695275E-1,2.501747589E0,2.546822150E0
1.255058083E0,4.034119794E-1,-3.116504547E-1,3.357941344E0,3.396415360E0
1.265061083E0,4.379411034E-1,-6.903265192E-1,3.704666029E0,3.793796713E0
1.275065083E0,4.423323624E-1,-9.164168599E-1,3.546371377E0,3.689475264E0
1.285068083E0,4.362033109E-1,-1.023456721E0,2.803118931E0,3.015827039E0
1.295072083E0,4.914986752E-1,-1.042156262E0,1.567035084E0,1.945060302E0
1.305075083E0,5.960040602E-1,-9.359512380E-1,6.291276598E-1,1.275549753E0
1.315078083E0,6.184203847E-1,-7.295225984E-1,-1.284153807E-1,9.649546641E-1
1.325082083E0,7.060072897E-1,-5.542330134E-1,-7.370082039E-1,1.161379188E0
1.335085083E0,8.948727939E-1,-5.630257639E-1,-1.194833495E0,1.595437999E0
1.345089083E0,1.051993472E0,-6.619106591E-1,-1.529770778E0,1.971044043E0
1.355092083E0,1.176392839E0,-7.732767284E-1,-1.793036985E0,2.279657571E0
1.365096083E0,1.259890932E0,-8.440452871E-1,-2.023899093E0,2.529012682E0
1.375099083E0,1.317787138E0,-8.474258548E-1,-2.236704998E0,2.730850191E0
1.385103083E0,1.302476788E0,-8.555224943E-1,-2.363594255E0,2.831067348E0
1.395106083E0,1.210597442E0,-9.145951599E-1,-2.376100280E0,2.819199002E0
1.405110083E0,1.111042456E0,-1.024080765E0,-2.261779613E0,2.720074221E0
1.415113083E0,1.085699162E0,-1.110325734E0,-2.042131881E0,2.565515255E0
1.425117083E0,1.072272493E0,-1.159313122E0,-1.900450922E0,2.470928756E0
1.435120083E0,1.123197794E0,-1.212946415E0,-1.866534732E0,2.493343979E0
1.445123083E0,1.205051651E0,-1.242576888E0,-1.971660653E0,2.623660140E0
1.455127083E0,1.287318759E0,-1.216363235E0,-2.237127167E0,2.853325616E0
1.465130083E0,1.384054510E0,-1.159395275E0,-2.509816162E0,3.091760252E0
1.475134083E0,1.444576700E0,-1.111089380E0,-2.767885364E0,3.313987151E0
1.485137083E0,1.501796968E0,-1.048336477E0,-2.936080522E0,3.460487297E0
1.495141083E0,1.590529781E0,-1.001666633E0,-3.042005172E0,3.575879821E0
1.505144083E0,1.666916052E0,-9.262811127E-1,-3.095487900E0,3.635746301E0
1.515148083E0,1.671584031E0,-8.793829349E-1,-2.959010963E0,3.510449173E0
1.525151083E0,1.628438450E0,-8.754743636E-1,-2.722281175E0,3.290757046E0
1.535155083E0,1.562010571E0,-8.261180162E-1,-2.542420821E0,3.096167249E0
1.545158083E0,1.499889606E0,-6.862727907E-1,-2.384796259E0,2.899636593E0
1.555162083E0,1.459757534E0,-5.000386798E-1,-2.147042624E0,2.643997498E0
1.565165083E0,1.338171555E0,-1.410927290E-1,-1.787132467E0,2.237063415E0
1.575169083E0,9.912163429E-1,3.705819100E-1,-1.260355639E0,1.645702625E0
1.585172083E0,6.398382971E-1,9.558870274E-1,-6.998386234E-1,1.346434980E0
1.595175083E0,1.111494300E-1,1.631512915E0,-4.451426804E-2,1.635900397E0
1.605179083E0,-2.643263072E-1,2.252175415E0,7.114739978E-1,2.376627389E0
1.615182083E0,-4.977523454E-1,2.757905044E0,1.997039908E0,3.441215776E0
1.625186083E0,-8.132627665E-1,3.000614487E0,3.872009833E0,4.965636291E0
1.635189083E0,-1.135058725E0,2.944887891E0,5.579954043E0,6.410663781E0
1.645193083E0,-1.386824774E0,2.889363023E0,6.812712579E0,7.528927833E0
1.655196083E0,-1.780747454E0,2.788189820E0,7.345703827E0,8.056328487E0
1.665200083E0,-2.213536722E0,2.759905084E0,7.415585656E0,8.216308873E0
1.675203083E0,-2.750588130E0,2.523745984E0,7.295897829E0,8.195434948E0
1.685207083E0,-3.315785258E0,1.929812130E0,7.258734096E0,8.210227001E0
1.695210083E0,-3.663772065E0,1.119699697E0,7.529852529E0,8.448410043E0
1.705214083E0,-3.748209075E0,2.316384713E-1,8.072450168E0,8.903211744E0
1.715217083E0,-3.552178539E0,-5.849949957E-1,8.575776152E0,9.300759546E0
1.725221083E0,-3.141766273E0,-1.254951350E0,8.736498569E0,9.368671488E0
1.735224083E0,-2.807349392E0,-1.882095050E0,8.356102692E0,9.013764174E0
1.745227083E0,-2.493708545E0,-2.268913947E0,7.372306904E0,8.106630736E0
1.755231083E0,-2.361589538E0,-2.172660591E0,5.858831146E0,6.680079460E0
1.765234083E0,-2.252162697E0,-1.517355824E0,3.715207390E0,4.601887815E0
1.775238083E0,-2.113621839E0,-8.827627717E-1,1.348787175E0,2.658174982E0
1.785241083E0,-2.042993322E0,-3.285682037E-1,-7.477705890E-1,2.200213542E0
1.795245083E0,-1.789422821E0,1.771775047E-1,-2.442677847E0,3.033166821E0
1.805248083E0,-1.582005418E0,4.201560661E-1,-3.645056589E0,3.995711426E0
1.815252083E0,-1.529040023E0,3.237194002E-1,-4.302792921E0,4.577858076E0
1.825255083E0,-1.441150670E0,4.280512691E-2,-4.441588279E0,4.669738105E0
1.835259083E0,-1.413765967E0,-2.191714767E-1,-3.958574937E0,4.209166886E0
1.845262083E0,-1.469767821E0,-4.701719794E-1,-3.106986449E0,3.469098432E0
1.855266083E0,-1.584795124E0,-7.204155600E-1,-2.362549943E0,2.934657799E0
1.865269083E0,-1.581488231E0,-9.819334495E-1,-1.759661663E0,2.561583006E0
1.875273083E0,-1.521366868E0,-1.286813998E0,-1.378675802E0,2.423054762E0
1.885276083E0,-1.557425039E0,-1.468783150E0,-1.192156640E0,2.450333476E0
1.895280083E0,-1.609282094E0,-1.528376510E0,-1.129011973E0,2.490058563E0
1.905283083E0,-1.562842776E0,-1.545198949E0,-1.211406258E0,2.509506417E0
1.915286083E0,-1.379905033E0,-1.533425581E0,-1.528730559E0,2.567595964E0
1.925290083E0,-1.098787862E0,-1.532520724E0,-2.060162355E0,2.792888015E0
1.935293083E0,-7.464432710E-1,-1.471272309E0,-2.625431403E0,3.100759555E0
1.945297083E0,-4.075509310E-1,-1.350554496E0,-3.138300043E0,3.440788045E0
1.955300083E0,-7.915302739E-2,-1.295454428E0,-3.559781966E0,3.788999211E0
1.965304083E0,3.301820353E-1,-1.319811298E0,-3.777826976E0,4.015332950E0
1.975307083E0,7.342968500E-1,-1.319497595E0,-3.909821438E0,4.191296868E0
1.985311083E0,1.042491966E0,-1.255269147E0,-4.038319264E0,4.355515194E0
1.995314083E0,1.147209166E0,-1.195489845E0,-4.167901749E0,4.485163300E0
2.005318083E0,1.115072503E0,-1.001412279E0,-4.166985490E0,4.428315856E0
2.015321083E0,9.836383514E-1,-6.470543459E-1,-4.036914763E0,4.205104581E0
2.025325083E0,7.713027084E-1,-3.228469956E-1,-3.862994011E0,3.952449972E0
2.035328083E0,5.631297713E-1,-2.027975187E-1,-3.606549166E0,3.655877304E0
2.045332083E0,4.563643643E-1,-2.830356431E-1,-3.164320738E0,3.209564354E0
2.055335083E0,4.086507922E-1,-5.013104492E-1,-2.629504573E0,2.707877755E0
2.065339083E0,5.285055569E-1,-7.584353256E-1,-2.208162984E0,2.393851715E0
2.075342083E0,7.041244132E-1,-9.077223426E-1,-1.947286534E0,2.260901565E0
2.085345083E0,8.568004033E-1,-9.513870102E-1,-1.678758418E0,2.111273076E0
2.095349083E0,1.004235315E0,-1.025320959E0,-1.403380288E0,2.007298650E0
2.105352083E0,1.077070426E0,-1.102291075E0,-1.169020962E0,1.934356824E0
2.115356083E0,1.182633791E0,-1.179646229E0,-9.414099061E-1,1.917404632E0
2.125359083E0,1.407130693E0,-1.223837439E0,-7.365912974E-1,2.005083939E0
2.135363083E0,1.550877473E0,-1.144976626E0,-7.160944676E-1,2.056449293E0
2.145366083E0,1.613141841E0,-1.025544615E0,-8.095130932E-1,2.075880489E0
2.155370083E0,1.644013239E0,-8.107085565E-1,-8.612720615E-1,2.025294413E0
2.165373083E0,1.675938452E0,-4.958140665E-1,-7.893969172E-1,1.917745754E0
2.175377083E0,1.775647366E0,-2.199023786E-1,-6.943890184E-1,1.919233371E0
2.185380083E0,1.831574668E0,6.495993465E-2,-7.296763802E-1,1.972641168E0
2.195384083E0,1.867903565E0,2.999571928E-1,-7.108185250E-1,2.020965369E0
2.205387083E0,2.029468858E0,6.706952235E-1,-5.443412787E-1,2.205648058E0
2.215390625E0,2.172329785E0,1.188964937E0,-2.178923982E-1,2.485987010E0
2.225393625E0,2.370493970E0,1.703267022E0,8.634817243E-2,2.920242493E0
2.235397625E0,2.523548348E0,2.144906051E0,3.404126161E-1,3.329384175E0
2.245400625E0,2.440649448E0,2.568673065E0,6.068082529E-1,3.594866799E0
2.255404625E0,1.924942423E0,2.817521793E0,1.237248028E0,3.629685257E0
2.265407625E0,1.089657142E0,2.649478370E0,2.532008100E0,3.823369369E0
2.275411625E0,3.798168562E-1,1.932324387E0,4.239107387E0,4.674202586E0
2.285414625E0,-9.127046820E-2,7.858675379E-1,6.039128872E0,6.090730302E0
2.295418625E0,-2.557386477E-1,-3.762121940E-1,7.807240931E0,7.820482646E0
2.305421625E0,-3.559777580E-2,-1.127771194E0,8.922812494E0,8.993871128E0
2.315424625E0,3.293112752E-1,-1.545146617E0,9.021852048E0,9.159134149E0
2.325428625E0,7.326241808E-1,-1.441915340E0,8.502607604E0,8.655067539E0
2.335431625E0,1.090009656E0,-8.672446999E-1,6.885097016E0,7.024585065E0
2.345435625E0,1.233572907E0,-3.881706271E-1,4.545440091E0,4.725823122E0
2.355438625E0,1.351646463E0,2.468451789E-1,2.413646421E0,2.777331408E0
2.365442625E0,1.541453515E0,1.112429562E0,5.957149154E-1,1.992098072E0
2.375445625E0,1.847267426E0,1.678680942E0,-7.418596387E-1,2.603982022E0
2.385449625E0,1.989311789E0,1.815277747E0,-1.510957362E0,3.087974553E0
2.395452625E0,2.010169684E0,1.656368260E0,-1.683073078E0,3.101140590E0
2.405456625E0,1.920699976E0,1.297835999E0,-1.250114241E0,2.633676574E0
2.415459625E0,1.654277880E0,7.562978759E-1,-3.582974946E-1,1.853914474E0
2.425463625E0,1.396202100E0,1.966939026E-1,4.828116131E-1,1.490360980E0
2.435466625E0,1.127124200E0,-3.702769777E-1,1.246081417E0,1.720532737E0
2.445470625E0,9.209264519E-1,-9.309001207E-1,1.963086296E0,2.359743285E0
2.455473625E0,7.783166628E-1,-1.413293658E0,2.340180250E0,2.842467131E0
2.465477625E0,6.232801518E-1,-1.755301394E0,2.236952335E0,2.910930587E0
2.475480625E0,4.196243349E-1,-1.827153735E0,1.628168308E0,2.483043977E0
2.485484625E0,3.296595865E-1,-1.661540122E0,7.747782934E-1,1.862705673E0
2.495487625E0,2.800632110E-1,-1.439699976E0,-3.416761994E-2,1.467085154E0
2.505491625E0,1.681748392E-1,-1.258576916E0,-7.255119932E-1,1.462417958E0
2.515494625E0,9.558107212E-2,-1.127608349E0,-1.339500627E0,1.753538782E0
2.525498625E0,1.579522982E-1,-1.005416745E0,-1.909897099E0,2.164143869E0
2.535501625E0,2.321084413E-1,-9.536031049E-1,-2.400409495E0,2.593298855E0
2.545505625E0,3.680348629E-1,-9.630039659E-1,-2.703636743E0,2.893523447E0
2.555508625E0,5.059366201E-1,-1.096406144E0,-2.771729323E0,3.023336193E0
2.565511625E0,5.809021640E-1,-1.266121286E0,-2.765831822E0,3.096826779E0
2.575515625E0,5.943199159E-1,-1.415335798E0,-2.945208610E0,3.321241536E0
2.585518625E0,6.026742715E-1,-1.469286595E0,-3.142383154E0,3.520879331E0
2.595522625E0,6.560935566E-1,-1.416702877E0,-3.237782232E0,3.594543027E0
2.605525625E0,6.007818201E-1,-1.400106140E0,-3.261072861E0,3.599421093E0
2.615529625E0,4.831757484E-1,-1.451427737E0,-3.130217437E0,3.484015282E0
2.625532625E0,3.852594446E-1,-1.564931256E0,-2.927865769E0,3.342129955E0
2.635536625E0,3.957429175E-1,-1.705502413E0,-2.747638795E0,3.258046943E0
2.645539625E0,4.462100896E-1,-1.873540281E0,-2.636045853E0,3.264658385E0
2.655543625E0,5.668267465E-1,-2.021174875E0,-2.626022556E0,3.361909413E0
2.665546625E0,6.634534469E-1,-2.099963182E0,-2.687572103E0,3.474630865E0
2.675550625E0,7.394277817E-1,-2.050826105E0,-2.868500742E0,3.602906836E0
2.685553625E0,8.376076488E-1,-1.996028047E0,-2.952303037E0,3.660847956E0
2.695557625E0,9.490900777E-1,-1.891101809E0,-2.878784240E0,3.572735189E0
2.705560625E0,1.002926416E0,-1.734671248E0,-2.825848812E0,3.464154622E0
2.715564625E0,9.838032429E-1,-1.549581145E0,-2.750840145E0,3.306991390E0
2.725567625E0,9.914603180E-1,-1.316793257E0,-2.728938814E0,3.188109957E0
2.735571625E0,1.047286025E0,-1.117132185E0,-2.856021615E0,3.240625217E0
2.745574625E0,1.101297633E0,-8.606294525E-1,-3.006946437E0,3.315911097E0
2.755578625E0,1.100354477E0,-5.790643841E-1,-3.102039120E0,3.341966822E0
2.765581625E0,9.222121815E-1,-3.035032368E-1,-3.115835626E0,3.263590227E0
2.775585625E0,6.993863413E-1,-1.766356140E-2,-2.934460258E0,3.016705200E0
2.785588625E0,6.060083538E-1,2.203426740E-1,-2.341540312E0,2.428705016E0
2.795592625E0,3.324225421E-1,3.689835736E-1,-1.297503000E0,1.389304740E0
2.805595625E0,-7.771651268E-2,7.253412545E-1,-3.179400122E-1,7.957673298E-1
2.815599625E0,-4.633440395E-1,1.471505613E0,2.815791017E-1,1.568216586E0
2.825602625E0,-1.001645144E0,2.297321913E0,2.155769008E-1,2.515443175E0
2.835606625E0,-1.753066589E0,2.999907851E0,6.123204231E-3,3.474583007E0
2.845609625E0,-2.761070434E0,3.550445424E0,4.318911356E-1,4.518373889E0
2.855613625E0,-3.805429927E0,3.349395638E0,5.895455182E-1,5.103656727E0
2.865616625E0,-4.969536889E0,2.360403722E0,2.602276429E0,6.086020476E0
2.875620625E0,-5.848561682E0,1.062516852E0,5.359322809E0,8.003559007E0
2.885623625E0,-6.380382317E0,-4.775114045E-1,7.684865139E0,9.999722389E0
2.895627625E0,-6.396427077E0,-1.662807214E0,9.702314168E0,1.173942534E1
2.905630625E0,-6.243149920E0,-2.174253811E0,1.078058400E1,1.264615720E1
2.915633625E0,-5.648071182E0,-2.024527668E0,1.096837084E1,1.250218298E1
2.925637625E0,-4.481033596E0,-1.022062306E0,9.691775147E0,1.072635907E1
2.935640625E0,-3.456208481E0,-3.016625333E-1,7.581794515E0,8.337864559E0
2.945644625E0,-2.817886367E0,-2.489452064E-2,5.244146109E0,5.953332825E0
2.955647625E0,-2.194258890E0,3.595660481E-1,2.966211224E0,3.707083604E0
2.965651625E0,-1.687052255E0,7.177191165E-1,1.158385461E0,2.168668466E0
2.975654625E0,-1.387181601E0,7.586013865E-1,-4.541006148E-2,1.581711393E0
2.985658625E0,-1.257477494E0,5.237470928E-1,-7.947588140E-1,1.577086629E0
2.995661625E0,-1.204116973E0,2.450696719E-1,-1.191480117E0,1.711602085E0
3.005665625E0,-1.116410200E0,1.043192974E-1,-1.175657551E0,1.624630705E0
3.015668625E0,-1.094464138E0,8.533426523E-3,-1.001678912E0,1.483672879E0
3.025672625E0,-1.073878284E0,-2.295458990E-1,-8.694137245E-1,1.400637753E0
3.035675625E0,-1.015524242E0,-6.369480184E-1,-7.722406018E-1,1.425955052E0
3.045679625E0,-8.882623704E-1,-9.422437191E-1,-7.436985880E-1,1.493291952E0
3.055682625E0,-8.248344062E-1,-1.053967638E0,-6.876799232E-1,1.504693742E0
3.065686625E0,-6.153858259E-1,-1.399555625E0,-1.284754901E0,1.997010470E0
3.075689625E0,-4.756895582E-1,-1.478652957E0,-1.632387659E0,2.253305260E0
3.085693625E0,-3.475118668E-1,-1.523474789E0,-1.903473932E0,2.462712517E0
3.095696625E0,-1.722319297E-1,-1.552985686E0,-2.225032786E0,2.718859923E0
3.105700625E0,6.088837221E-2,-1.541772481E0,-2.613587868E0,3.035063643E0
3.115703625E0,8.598359853E-2,-1.661134033E0,-2.550164289E0,3.044683457E0
3.125707625E0,4.179778321E-1,-1.445972577E0,-3.346475539E0,3.669392414E0
3.135710625E0,5.025949363E-1,-1.400667473E0,-3.617344880E0,3.911477345E0
3.145714625E0,6.678376892E-1,-1.385073241E0,-3.811163122E0,4.109671447E0
3.155717625E0,9.182461613E-1,-1.482348982E0,-3.847350955E0,4.224055384E0
3.165721625E0,9.025034103E-1,-1.534171685E0,-3.824001269E0,4.217959325E0
3.175724625E0,1.248011582E0,-1.626924313E0,-3.916779040E0,4.421037624E0
3.185728625E0,1.268849743E0,-1.528632618E0,-3.982425730E0,4.450439534E0
3.195731625E0,1.179786416E0,-1.341367058E0,-3.906596113E0,4.295655336E0
3.205735625E0,1.109618221E0,-1.220367116E0,-3.675181444E0,4.028338012E0
3.215738875E0,1.098145837E0,-1.199300183E0,-3.689926368E0,4.032344456E0
3.225742875E0,1.017635525E0,-1.384985240E0,-2.734843917E0,3.230036754E0
3.235745875E0,1.006791864E0,-1.345056067E0,-2.759312176E0,3.230574154E0
3.245749875E0,7.938690139E-1,-1.483755530E0,-1.992318866E0,2.607890517E0
3.255752875E0,6.863656153E-1,-1.396126817E0,-1.809543090E0,2.386359999E0
3.265756875E0,6.544814792E-1,-1.334947108E0,-1.849459108E0,2.372957812E0
3.275759875E0,6.598134090E-1,-1.030657713E0,-1.630017782E0,2.038275503E0
3.285763875E0,6.072757378E-1,-9.514337879E-1,-1.682291890E0,2.025861811E0
3.295766875E0,7.858096504E-1,-8.639307904E-1,-1.664645578E0,2.033449807E0
3.305770875E0,1.288034166E0,-7.125434536E-1,-1.776836690E0,2.307357538E0
3.315773875E0,1.218489722E0,-6.083785227E-1,-1.839482004E0,2.288784759E0
3.325777875E0,1.451352015E0,-8.939778775E-2,-1.782430721E0,2.300320393E0
3.335780875E0,1.396887686E0,2.062868446E-2,-1.840015855E0,2.310276844E0
3.345784875E0,1.590473940E0,1.915810972E-1,-1.138546443E0,1.965349504E0
3.355787875E0,1.454168473E0,2.737789160E-1,-9.719300330E-1,1.770369688E0
3.365791875E0,1.471310609E0,3.866594142E-1,-1.011162511E0,1.826666372E0
3.375794875E0,-5.730775662E-1,2.050439897E0,3.526455760E-2,2.129310982E0
3.385798875E0,-1.754417149E0,3.549849008E0,1.782182214E0,4.342301344E0
3.395801875E0,-2.607747669E0,4.637687520E0,3.603306885E0,6.425909581E0
3.405805875E0,-3.272491888E0,4.768903424E0,5.168529916E0,7.756632293E0
3.415808875E0,-3.164663969E0,4.922004288E0,5.149570904E0,7.794825511E0
3.425812875E0,-3.549756330E0,2.719081286E0,6.894938464E0,8.217928538E0
3.435815875E0,-3.043892069E0,1.554724648E0,7.304310803E0,8.064453110E0
3.445819875E0,-2.377158919E0,7.199881285E-1,7.740409595E0,8.129157898E0
3.455822875E0,-1.679301917E0,8.044584677E-2,8.151426755E0,8.322997333E0
3.465826875E0,-1.610992405E0,1.649397209E-1,8.152638883E0,8.311920500E0
3.475829875E0,-7.600210905E-3,-5.202142051E-1,7.879631215E0,7.896788503E0
3.485833875E0,-1.531912029E-2,-5.181795202E-1,7.876889455E0,7.893930085E0
3.495836875E0,1.276633118E0,-2.171055092E-1,4.055246369E0,4.256988376E0
3.505840875E0,1.532473946E0,2.783742428E-1,2.010262216E0,2.543053832E0
3.515843875E0,1.468865303E0,2.243104483E-1,2.004216780E0,2.494947967E0
3.525847875E0,1.884588887E0,1.609931427E0,-1.140660796E0,2.728490705E0
3.535850875E0,1.827242028E0,1.581644498E0,-1.149629840E0,2.676202817E0
3.545854875E0,2.290607117E0,2.170864180E0,-2.494126328E0,4.022461733E0
3.555857875E0,2.266841109E0,2.184596366E0,-2.503557302E0,4.022291519E0
3.565861875E0,2.445852154E0,2.094353656E0,-2.462379456E0,4.053618455E0
3.575864875E0,2.475533937E0,1.338792383E0,-1.414335047E0,3.149758235E0
3.585868875E0,2.248261143E0,8.893098991E-1,-5.734890640E-1,2.484842041E0
3.595871875E0,1.959363666E0,4.947757472E-1,3.768998265E-1,2.055714595E0
3.605875875E0,1.650029878E0,5.826048732E-2,1.295665805E0,2.098747903E0
3.615878875E0,1.784577819E0,9.228660464E-3,1.347787301E0,2.236366197E0
3.625882875E0,9.731623337E-1,-5.322870974E-1,2.610628007E0,2.836503671E0
3.635885875E0,1.108480937E0,-6.419352548E-1,2.683988344E0,2.973987944E0
3.645888875E0,7.580765989E-1,-7.360916528E-1,2.612360537E0,2.817967109E0
3.655892875E0,8.495250052E-1,-8.334545177E-1,1.888166506E0,2.231930089E0
3.665896875E0,9.171156022E-1,-9.888059744E-1,1.961496438E0,2.380400504E0
3.675899875E0,1.075217882E0,-6.417067748E-1,3.271107852E-2,1.252577779E0
3.685903875E0,1.092070142E0,-7.821206421E-1,8.783453465E-2,1.346122134E0
3.695906875E0,1.220984290E0,-3.489545211E-1,-1.565708351E0,2.015940111E0
3.705909875E0,1.279622800E0,-2.054653108E-1,-2.284245200E0,2.626295231E0
3.715913875E0,1.237992086E0,-2.938553309E-1,-2.266359737E0,2.599107889E0
3.725917875E0,1.362433407E0,-6.322974354E-2,-3.276962085E0,3.549465212E0
3.735920875E0,1.307332755E0,-1.229444334E-1,-3.273918024E0,3.527431572E0
3.745923875E0,1.550456181E0,-1.176167428E-3,-3.818385018E0,4.121162445E0
3.755927875E0,1.521947789E0,-1.701256165E-1,-3.680720512E0,3.986598962E0
3.765931875E0,1.491705112E0,-2.039909354E-1,-3.677604530E0,3.973861035E0
3.775934875E0,1.029725374E0,-5.737220755E-1,-2.762748585E0,3.003709558E0
3.785937875E0,9.980089071E-1,-6.021258026E-1,-2.762071477E0,2.997935307E0
3.795941875E0,6.119368458E-1,-6.826826003E-1,-2.170769455E0,2.356429983E0
3.805945875E0,6.693164501E-1,-9.597084752E-1,-2.091210485E0,2.396285910E0
3.815948875E0,5.895288536E-1,-9.685538507E-1,-2.114855456E0,2.399636312E0
3.825952875E0,9.166951874E-1,-1.545309754E0,-2.454049512E0,3.041491626E0
3.835955875E0,8.075341031E-1,-1.524917005E0,-2.497793702E0,3.035861752E0
3.845959875E0,1.002001386E0,-1.599845565E0,-2.620392857E0,3.229546615E0
3.855962875E0,9.281843814E-1,-1.626205398E0,-2.660441022E0,3.253308573E0
3.865966875E0,7.813200121E-1,-1.544965645E0,-2.733145301E0,3.235345893E0
3.875969875E0,6.134135601E-1,-1.796006786E0,-2.487199132E0,3.128590113E0
3.885973875E0,4.468905593E-1,-1.674854524E0,-2.571218358E0,3.100969638E0
3.895976875E0,4.296228544E-1,-1.459125304E0,-2.302738774E0,2.759751494E0
3.905980875E0,3.070425564E-1,-1.130594230E0,-2.395194948E0,2.666360306E0
3.915983875E0,1.205530684E-1,-9.694841427E-1,-2.477830138E0,2.663470431E0
3.925987875E0,2.319137290E-2,-1.967623150E-1,-2.538252926E0,2.545973520E0
3.935990875E0,-1.625410469E-1,6.670503616E-3,-2.617429488E0,2.622479974E0
3.945994875E0,-2.354477862E-1,7.811510275E-1,-2.295781172E0,2.436440801E0
3.955997875E0,-5.239874864E-1,9.764434987E-1,-1.932843912E0,2.227978990E0
3.966001875E0,-6.472794637E-1,1.262070920E0,-1.996823561E0,2.449305625E0
3.976004875E0,-1.360996600E0,6.208111650E-1,-2.384471154E-1,1.514785554E0
3.986008875E0,-1.398251842E0,9.346466511E-1,-2.810505134E-1,1.705186783E0
3.996011875E0,-2.650463918E0,-1.086956752E0,1.817457882E0,3.392578239E0
4.006015875E0,-3.433294412E0,-1.996570084E0,2.983041850E0,4.967126060E0
4.016018875E0,-3.353381977E0,-1.698520399E0,2.977925536E0,4.795642056E0
4.026022875E0,-4.393715370E0,-3.363068182E0,4.665892734E0,7.237784009E0
4.036025875E0,-4.295288020E0,-3.084823748E0,4.680651691E0,7.062162345E0
4.046029875E0,-2.883654679E0,-4.434380416E0,4.107904639E0,6.697318456E0
4.056032875E0,-2.775613629E0,-4.146667585E0,4.142829473E0,6.485516103E0
4.066036875E0,-3.272793605E0,-3.867359835E0,4.731730043E0,6.932309808E0
4.076039875E0,-3.062570999E0,-1.698297181E0,6.477376515E0,7.363420466E0
4.086043875E0,-2.739093089E0,-5.063102572E-1,6.609400797E0,7.172388718E0
4.096046875E0,-2.413463257E0,1.419370669E-1,6.378839822E0,6.821623597E0
4.106050875E0,-2.007954028E0,2.970964426E-1,5.665371339E0,6.018021110E0
4.116053875E0,-1.994245816E0,2.591686244E-1,5.660339810E0,6.006965250E0
4.126057875E0,-1.348146466E0,-2.747865374E-1,2.836269720E0,3.152369341E0
4.136060875E0,-1.311155080E0,-3.869298479E-1,2.822959118E0,3.136549144E0
4.146064875E0,-6.543009464E-1,-7.788444471E-1,7.609192228E-1,1.270317466E0
4.156067875E0,-4.170317526E-1,-8.389434452E-1,-4.968613029E-2,9.381952348E-1
4.166071875E0,-3.225634056E-1,-1.002089971E0,-5.427385569E-2,1.054123860E0
4.176074875E0,-9.385877475E-2,-4.163572032E-1,-9.435961801E-1,1.035633401E0
4.186078875E0,3.806566626E-2,-5.957150616E-1,-9.346505249E-1,1.109007229E0
4.196081875E0,2.315045701E-1,-3.196166282E-1,-1.098950853E0,1.167665248E0
4.206085875E0,3.783784412E-1,-5.109523617E-1,-1.213942780E0,1.370364782E0
4.216088958E0,5.291411492E-1,-7.112068532E-1,-1.184570462E0,1.479531251E0
4.226092958E0,5.477228697E-1,-7.258455768E-1,-1.549788721E0,1.796857597E0
4.236095958E0,7.103694588E-1,-9.405084848E-1,-1.503063036E0,1.910073158E0
4.246099958E0,9.952659783E-1,-6.443307129E-1,-1.834776750E0,2.184518747E0
4.256102958E0,1.243784630E0,-6.533907542E-1,-2.029111885E0,2.468038640E0
4.266106958E0,1.431354830E0,-8.908412118E-1,-1.946311219E0,2.574976131E0
4.276109958E0,1.697106981E0,-4.091009548E-1,-2.756217245E0,3.262555623E0
4.286113958E0,1.900331931E0,-6.470882598E-1,-2.645164002E0,3.320674217E0
4.296116958E0,1.950986652E0,-5.707882351E-1,-2.951932324E0,3.584139028E0
4.306120958E0,1.972050954E0,-3.404462376E-1,-3.415563900E0,3.958657015E0
4.316123958E0,2.205796616E0,-5.293678750E-1,-3.263312929E0,3.974289916E0
4.326127958E0,2.192605298E0,-5.055499730E-1,-2.586070871E0,3.427952934E0
4.336130958E0,2.440594484E0,-6.573309736E-1,-2.409251654E0,3.491858957E0
4.346134958E0,1.917654600E0,-7.528655604E-1,-1.233139189E0,2.401007700E0
4.356137958E0,1.583875065E0,-7.043325010E-1,-6.807509726E-1,1.862301367E0
4.366141958E0,1.830270301E0,-8.442274278E-1,-4.638391525E-1,2.068273696E0
4.376144958E0,1.448989155E0,-3.014783460E-1,-8.297549844E-2,1.482343988E0
4.386148958E0,1.663153954E0,-2.642678350E-1,1.922564507E-3,1.684019673E0
4.396151958E0,1.981676933E0,-3.113019606E-1,6.580514967E-2,2.007058219E0
4.406155958E0,2.167199730E0,-2.344046429E-1,2.281332117E-1,2.191744732E0
4.416158958E0,2.367996624E0,-3.794392723E-1,5.039387727E-1,2.450578801E0
4.426162958E0,1.753958874E0,2.640731227E-1,9.403024435E-1,2.007554490E0
4.436165958E0,1.904221791E0,1.550567570E-1,1.178445504E0,2.244735404E0
4.446169958E0,1.224910988E0,6.941849506E-1,6.427797389E-1,1.547729132E0
4.456172958E0,8.942123508E-1,9.507616505E-1,4.608927405E-1,1.384191303E0
4.466176958E0,9.581534082E-1,9.213668203E-1,5.652655399E-1,1.444472188E0
4.476179958E0,8.364950699E-1,1.412571819E0,4.747991735E-1,1.708952135E0
4.486183958E0,7.362322783E-1,1.463769162E0,5.181381512E-1,1.718465965E0
4.496186958E0,4.927051020E-1,1.469390383E0,5.786720359E-1,1.654305818E0
4.506190958E0,1.444583863E-1,1.565641108E0,6.582087868E-1,1.704505532E0
4.516193958E0,1.096066421E-1,1.629670165E0,5.686902541E-1,1.729522208E0
4.526197958E0,-1.195873715E0,2.147135302E0,8.794001842E-1,2.610296656E0
4.536200958E0,-1.233034524E0,2.241705244E0,7.726504916E-1,2.672565308E0
4.546204958E0,-2.726226291E0,2.715075943E0,1.807536326E0,4.251015730E0
4.556207958E0,-2.759251950E0,2.817851283E0,1.708217275E0,4.297878946E0
4.566211958E0,-3.073087217E0,2.902983235E0,2.530338135E0,4.926843592E0
4.576215958E0,-3.584228590E0,1.637447547E0,3.624979005E0,5.354288173E0
4.586218958E0,-3.730225963E0,9.342397580E-1,3.884718171E0,5.466116074E0
4.596222958E0,-3.544967460E0,4.478923336E-1,4.178780494E0,5.498145892E0
4.606225958E0,-3.135305684E0,2.580630621E-1,4.424785135E0,5.429130849E0
4.616229958E0,-3.096632200E0,2.898777625E-1,4.452943572E0,5.431562073E0
4.626232958E0,-1.528556312E0,2.358141142E-1,3.905701489E0,4.200785262E0
4.636236958E0,-1.499873965E0,2.189001659E-1,3.947324309E0,4.228345823E0
4.646239958E0,5.286666477E-1,3.223327330E-1,2.012741436E0,2.105828792E0
4.656243958E0,1.522720206E0,2.805768889E-1,8.610112756E-1,1.771649128E0
4.666246958E0,1.538675503E0,2.320531851E-1,9.056167603E-1,1.800420146E0
4.676250958E0,2.913815494E0,-9.965380400E-2,-1.044437261E0,3.096950243E0
4.686253958E0,3.029866353E0,-2.396314690E-1,-1.501056272E0,3.389791039E0
4.696257958E0,2.912143191E0,-1.981700322E-1,-1.557115867E0,3.308241096E0
4.706260958E0,2.540196540E0,-1.245831156E-1,-1.292397212E0,2.852789857E0
4.716264958E0,2.620247846E0,-1.010542122E-1,-1.201788758E0,2.884476893E0
4.726267958E0,1.385860861E0,-2.470781904E-1,-1.621795428E-1,1.417025110E0
4.736271958E0,7.047526234E-1,-2.374963582E-1,4.929945391E-1,8.922580322E-1
4.746274958E0,2.276847303E-1,-2.366189834E-1,1.059528340E0,1.109247125E0
4.756278958E0,-5.564093471E-2,-3.601732814E-1,1.526329107E0,1.569235881E0
4.766281958E0,6.369839787E-2,-3.556960684E-1,1.712491005E0,1.750200737E0
4.776285958E0,8.841457844E-2,-7.660817295E-1,2.331845629E0,2.456054232E0
4.786288958E0,1.768198013E-1,-8.719610640E-1,2.638128632E0,2.784116380E0
4.796292958E0,3.185545546E-1,-8.190715367E-1,2.771725815E0,2.907717177E0
4.806295958E0,6.874290776E-1,-8.184698582E-1,2.704125570E0,2.907704721E0
4.816299958E0,7.669161272E-1,-8.611478081E-1,2.907832038E0,3.128134118E0
4.826302958E0,1.447129156E0,-1.217569516E0,2.280296575E0,2.962500767E0
4.836306958E0,1.505847480E0,-1.260779855E0,2.461013546E0,3.148607653E0
4.846309958E0,2.241244776E0,-1.588916827E0,1.587081093E0,3.172800218E0
4.856313958E0,2.507679589E0,-1.639404025E0,1.072353623E0,3.182144682E0
4.866316958E0,2.547690917E0,-1.653280930E0,1.199438177E0,3.265381874E0
4.876320958E0,2.618867319E0,-1.222828209E0,2.950417310E-1,2.905309706E0
4.886323958E0,2.653840100E0,-1.216946788E0,3.945315206E-1,2.946096041E0
4.896327958E0,2.415208213E0,-6.550308251E-1,-2.286360723E-1,2.512880926E0
4.906330958E0,2.293921757E0,-3.669215530E-1,-3.807700986E-1,2.354080356E0
4.916334958E0,2.323215723E0,-3.483601516E-1,-3.055491775E-1,2.368975811E0
4.926338958E0,2.064211552E0,5.617829382E-2,-4.283418757E-1,2.108933876E0
4.936341958E0,1.866345867E0,2.220202401E-1,-1.985482009E-1,1.889963299E0
4.946345958E0,1.710528095E0,3.997542536E-1,1.403325909E-1,1.762215385E0
4.956348958E0,1.551843433E0,5.515497261E-1,3.531496060E-1,1.684381128E0
4.966352958E0,1.570859163E0,5.702681252E-1,4.011124156E-1,1.718631844E0
4.976355958E0,1.208574452E0,7.262133667E-1,8.671534833E-1,1.655292489E0
4.986359958E0,1.232160366E0,8.989336851E-1,1.037788246E0,1.844804971E0
4.996362958E0,1.208857457E0,1.048696081E0,1.070226698E0,1.925223365E0
5.006366958E0,1.145583567E0,9.840916568E-1,9.537182951E-1,1.786162558E0
5.016369958E0,1.125120066E0,9.777319327E-1,8.842545426E-1,1.733136172E0
5.026373958E0,6.306514442E-1,9.126141232E-1,8.978297308E-1,1.427124384E0
5.036376958E0,5.610970598E-1,1.152637648E0,8.845431027E-1,1.557504401E0
5.046380958E0,5.379105109E-1,1.559329331E0,7.428586355E-1,1.809059046E0
5.056383958E0,4.898469830E-1,1.521439081E0,6.324968255E-1,1.718947113E0
5.066387958E0,3.424228889E-1,1.817704342E0,2.490299910E-1,1.866365035E0
5.076390958E0,2.622774428E-1,1.430643809E0,-3.246461838E-1,1.490277259E0
5.086394958E0,6.711258709E-2,7.829798904E-1,-3.958933371E-1,8.799392834E-1
5.096397958E0,-2.967070180E-1,6.385068861E-1,-4.282828188E-1,8.241069536E-1
5.106401958E0,-1.134878485E0,8.366623002E-1,-3.926200658E-1,1.463592667E0
5.116404958E0,-1.183012179E0,8.455512375E-1,-5.162936470E-1,1.543059895E0
5.126408958E0,-3.552931368E0,1.733814339E0,5.379941261E-1,3.989846005E0
5.136411958E0,-4.717065226E0,1.928054457E0,1.235114671E0,5.243434618E0
5.146415958E0,-5.839923005E0,1.796188927E0,1.618040931E0,6.320526230E0
5.156418958E0,-6.775059434E0,1.446762243E0,1.726139576E0,7.139615476E0
5.166422958E0,-6.790284414E0,1.398175097E0,1.737785475E0,7.147220046E0
5.176425958E0,-7.491105954E0,9.031919199E-1,1.428834680E0,7.679452624E0
5.186429958E0,-7.036995984E0,8.618108824E-1,1.264922900E0,7.201531810E0
5.196433958E0,-6.390903212E0,4.697667673E-1,1.040119092E0,6.492008350E0
5.206436958E0,-5.725452649E0,-1.715745565E-1,8.495679823E-1,5.790683174E0
5.216440458E0,-5.796366511E0,-2.777064908E-1,8.068707365E-1,5.858841695E0
5.226443458E0,-4.274421061E0,-1.707699212E0,7.388807747E-1,4.661851221E0
5.236447458E0,-3.640111014E0,-2.665562306E0,7.150013307E-1,4.568025559E0
5.246450458E0,-2.914602529E0,-3.702924144E0,4.924720904E-1,4.738046420E0
5.256454458E0,-2.195312558E0,-4.477100174E0,2.245839518E-1,4.991418751E0
5.266457458E0,-2.323737295E0,-4.578758403E0,1.020812756E-1,5.135679519E0
5.276461458E0,-9.569137985E-1,-4.684461152E0,-7.207237083E-1,4.835214883E0
5.286464458E0,-4.444720048E-1,-4.351789080E0,-1.187302866E0,4.532693642E0
5.296468458E0,-5.195812440E-1,-4.436478982E0,-1.219403495E0,4.630254346E0
5.306471458E0,3.178604901E-2,-3.139564796E0,-1.760831106E0,3.599778277E0
5.316475458E0,-6.104493141E-4,-3.232892790E0,-1.710301808E0,3.657421009E0
5.326478458E0,1.728220600E-1,-2.901823440E0,-2.089698980E0,3.580124099E0
5.336482458E0,3.170161521E-1,-2.935045565E0,-2.103542848E0,3.624897822E0
5.346485458E0,5.601872331E-1,-2.901410626E0,-2.039476660E0,3.590467714E0
5.356489458E0,7.737117612E-1,-2.878076727E0,-2.120077604E0,3.657415014E0
5.366492458E0,7.871866697E-1,-2.978113232E0,-1.954300269E0,3.648028346E0
5.376496458E0,1.007979287E0,-2.735393556E0,-2.487352329E0,3.832143233E0
5.386499458E0,1.068666369E0,-2.632918178E0,-2.657671781E0,3.890697268E0
5.396503458E0,1.185023037E0,-2.451318278E0,-2.615442604E0,3.775417979E0
5.406506458E0,1.593163367E0,-2.044316400E0,-2.577542122E0,3.655286917E0
5.416510458E0,1.587656459E0,-2.100831494E0,-2.485804571E0,3.621238788E0
5.426513458E0,2.262702888E0,-1.673493000E0,-2.597814711E0,3.830018858E0
5.436517458E0,2.320174586E0,-1.836533253E0,-2.721745862E0,4.020443388E0
5.446521458E0,2.452525728E0,-1.937175529E0,-2.744533339E0,4.159326234E0
5.456524458E0,2.635140705E0,-1.806735258E0,-2.742819812E0,4.210857317E0
5.466528458E0,2.581616462E0,-1.821330492E0,-2.835342644E0,4.245133240E0
5.476531458E0,2.797833048E0,-1.684405074E0,-2.735303801E0,4.259926889E0
5.486535458E0,3.305911065E0,-1.361000254E0,-2.789189694E0,4.534418244E0
5.496538458E0,3.762251748E0,-1.173168976E0,-2.927678658E0,4.909395684E0
5.506542458E0,3.721451046E0,-1.422013026E0,-2.973745069E0,4.971365876E0
5.516545458E0,3.616045044E0,-1.391832038E0,-3.194606976E0,5.021801660E0
5.526549458E0,3.266319568E0,-1.883688709E0,-2.793714269E0,4.692756768E0
5.536552458E0,3.400950539E0,-1.783867967E0,-2.573627411E0,4.623008494E0
5.546556458E0,3.393099482E0,-1.787528324E0,-2.343098010E0,4.494273010E0
5.556559458E0,3.286656768E0,-1.702699842E0,-2.576844549E0,4.510147148E0
5.566563458E0,3.054764966E0,-1.676206108E0,-2.332744346E0,4.193203084E0
5.576566458E0,2.170197013E0,-1.324455156E0,-1.138788518E0,2.785816904E0
5.586570458E0,1.673810504E0,-1.071211662E0,-5.607228380E-1,2.064835618E0
5.596573458E0,1.228930364E0,-8.911250210E-1,-3.714969993E-2,1.518470856E0
5.606577458E0,7.583101952E-1,-6.349906629E-1,4.447228503E-1,1.084447282E0
5.616580458E0,7.182854193E-1,-5.398096865E-1,3.261413169E-1,9.558747825E-1
5.626584458E0,-2.319707394E-2,6.521984339E-2,8.840171456E-1,8.867232071E-1
5.636587458E0,-3.655708462E-1,1.718724722E-1,8.740032041E-1,9.628415192E-1
5.646591458E0,-6.491350776E-1,3.043157074E-1,7.930601978E-1,1.069078517E0
5.656595458E0,-7.621962547E-1,5.476738992E-1,7.395265996E-1,1.194901428E0
5.666598458E0,-7.666261053E-1,6.165131691E-1,6.849282235E-1,1.198720461E0
5.676602458E0,-9.208797473E-1,1.279051527E0,7.928122759E-1,1.764240239E0
5.686605458E0,-1.150701050E0,1.484420943E0,8.867811245E-1,2.077016901E0
5.696609458E0,-1.442920330E0,1.806087971E0,1.025050818E0,2.528774805E0
5.706612458E0,-1.913631715E0,2.284678186E0,1.176325303E0,3.203979085E0
5.716616458E0,-1.883198712E0,2.382949416E0,1.138739401E0,3.243703552E0
5.726619458E0,-2.917627294E0,2.768884653E0,1.329400147E0,4.236339929E0
5.736623458E0,-3.569972493E0,2.600365559E0,1.576612823E0,4.689596212E0
5.746626458E0,-4.272777994E0,2.378812511E0,2.221520948E0,5.371269503E0
5.756630458E0,-4.832712627E0,2.336984162E0,3.032872406E0,6.165624165E0
5.766633458E0,-4.704788997E0,2.396541854E0,3.116605704E0,6.131205712E0
5.776637458E0,-5.126382601E0,2.889042303E0,4.596449447E0,7.466840799E0
5.786640458E0,-4.635596555E0,3.114980178E0,4.769649822E0,7.344482034E0
5.796644458E0,-3.907497754E0,3.226681877E0,4.209901714E0,6.588117112E0
5.806647458E0,-3.083230382E0,3.278075395E0,3.295058048E0,5.577588674E0
5.816651458E0,-3.081455167E0,3.216144318E0,3.336568601E0,5.565216999E0
5.826654458E0,-1.588126575E0,2.822556538E0,1.278882542E0,3.482026994E0
5.836658458E0,-1.461453080E0,2.517155879E0,6.431323260E-1,2.980861959E0
5.846662458E0,-1.493195275E0,2.309394075E0,5.174166048E-1,2.798330407E0
5.856665458E0,-1.752469003E0,2.137486812E0,8.166794407E-1,2.882180214E0
5.866669458E0,-1.777737746E0,2.128905146E0,7.966240758E-1,2.885688571E0
5.876672458E0,-2.947346352E0,1.460311996E0,2.009043072E0,3.854298342E0
5.886676458E0,-2.928984341E0,1.423856653E0,2.052032971E0,3.849305957E0
5.896679458E0,-3.976794276E0,6.646073949E-1,4.086861094E0,5.740995498E0
5.906683458E0,-4.096930000E0,1.692242682E-2,4.781514992E0,6.296666372E0
5.916686458E0,-4.083349841E0,-1.111023599E-1,4.890012417E0,6.371680398E0
5.926690458E0,-3.474898521E0,-1.405374774E0,4.738853706E0,6.042080141E0
5.936693458E0,-2.670446777E0,-1.987359842E0,4.027835206E0,5.225355642E0
5.946697458E0,-2.723956402E0,-2.164569653E0,4.120006036E0,5.392564325E0
5.956700458E0,-1.409539161E0,-2.882801278E0,2.023664035E0,3.793752756E0
5.966704458E0,-1.502452002E0,-3.047463548E0,2.074546505E0,3.980972155E0
5.976707458E0,-7.098630899E-1,-3.334465942E0,2.288524193E-1,3.416861448E0
5.986711458E0,-4.388984388E-1,-3.453248620E0,-4.108166009E-1,3.505185894E0
5.996714458E0,-2.940576446E-1,-3.455719653E0,-7.514981890E-1,3.548692400E0
6.006718458E0,-3.225715917E-1,-3.462335193E0,-9.250219148E-1,3.598261103E0
6.016722458E0,-4.877542645E-1,-3.566651859E0,-9.800471377E-1,3.730871493E0
6.026725458E0,-5.767833853E-1,-3.631724938E0,-1.167823452E0,3.858227146E0
6.036729458E0,-6.132542235E-1,-3.679586152E0,-1.367305892E0,3.973029121E0
6.046732458E0,-6.216762605E-1,-3.641298584E0,-1.645614061E0,4.043956279E0
6.056736458E0,-8.714935791E-1,-3.684244044E0,-1.799888753E0,4.191986970E0
6.066739458E0,-9.573301202E-1,-3.524705104E0,-1.838193862E0,4.088885386E0
6.076743458E0,-1.255764698E0,-3.777264474E0,-1.814907911E0,4.374764292E0
6.086746458E0,-1.287000524E0,-3.768061541E0,-2.068123924E0,4.486846854E0
6.096750458E0,-1.238439106E0,-3.693324770E0,-2.500222635E0,4.628767925E0
6.106753458E0,-1.281183714E0,-3.656903048E0,-2.954715598E0,4.872855003E0
6.116757458E0,-1.608747951E0,-3.622833661E0,-3.119902364E0,5.044480595E0
6.126760458E0,-1.233906637E0,-3.521572750E0,-3.552060717E0,5.151808960E0
6.136764458E0,-1.064253621E0,-3.455831335E0,-3.826131409E0,5.264474100E0
6.146767458E0,-9.585043873E-1,-3.429747491E0,-4.146801487E0,5.466064497E0
6.156771458E0,-9.181126986E-1,-3.421122848E0,-4.370358083E0,5.625570392E0
6.166774458E0,-1.159605775E0,-3.391047109E0,-4.439627708E0,5.705627067E0
6.176778458E0,-7.288344542E-1,-2.978767535E0,-4.648132401E0,5.568607591E0
6.186782458E0,-7.889050933E-1,-2.683404792E0,-4.863624517E0,5.610514769E0
6.196785458E0,-9.675270796E-1,-2.640164047E0,-4.915085278E0,5.662564625E0
6.206789458E0,-9.439995649E-1,-2.270649254E0,-4.999613796E0,5.571635427E0
6.216792458E0,-1.095997790E0,-2.191394924E0,-5.066898876E0,5.628222374E0
6.226796583E0,-9.975854225E-1,-1.960750918E0,-4.346300883E0,4.871350142E0
6.236799583E0,-1.143765083E0,-1.610367045E0,-4.073536459E0,4.527160243E0
6.246803583E0,-1.299131742E0,-1.186514661E0,-3.868176983E0,4.249512148E0
6.256806583E0,-1.560613233E0,-7.205155474E-1,-3.663533791E0,4.046743895E0
6.266810583E0,-1.627059238E0,-5.820160586E-1,-3.749883717E0,4.128885122E0
6.276813583E0,-1.623284714E0,-5.864464939E-2,-2.925994075E0,3.346630213E0
6.286817583E0,-1.719232699E0,1.876131767E-1,-2.225882387E0,2.818778490E0
6.296820583E0,-1.702473848E0,3.411122355E-1,-2.311687353E0,2.891137004E0
6.306824583E0,-2.415505397E0,1.065441922E0,-4.650729150E-1,2.680694990E0
6.316827583E0,-2.359626627E0,1.239320574E0,-5.541780496E-1,2.722290693E0
6.326831583E0,-4.623061002E0,3.084938353E-1,1.167386665E0,4.778143269E0
6.336835583E0,-6.030223562E0,-4.148678443E-1,3.132784950E0,6.808087329E0
6.346838583E0,-6.944446839E0,-1.008182185E0,5.826197251E0,9.120655000E0
6.356842583E0,-7.436961322E0,-1.621178839E0,8.431718885E0,1.135915921E1
6.366845583E0,-7.230213132E0,-1.372758128E0,8.359789361E0,1.113761756E1
6.376849583E0,-6.804945722E0,-2.941720454E0,1.245048681E1,1.449053579E1
6.386852583E0,-5.996278721E0,-2.900109621E0,1.235941409E1,1.403998259E1
6.396856583E0,-5.368663151E0,-2.811848239E0,1.144952536E1,1.295456157E1
6.406859583E0,-4.910748982E0,-2.691271344E0,9.444212222E0,1.097959660E1
6.416863583E0,-4.933237959E0,-2.791229787E0,9.471712847E0,1.103816763E1
6.426866583E0,-4.304407337E0,-1.731987961E0,3.966898448E0,6.104423652E0
6.436870583E0,-3.886232600E0,-1.163026104E0,1.456101708E0,4.309949620E0
6.446873583E0,-3.985801620E0,-1.328791451E0,1.504427776E0,4.462690243E0
6.456877583E0,-3.525509388E0,-1.176420613E0,-2.008514484E0,4.224607950E0
6.466881583E0,-3.603865879E0,-1.299117417E0,-1.967371720E0,4.306519107E0
6.476884583E0,-3.752592148E0,-1.250045829E0,-2.691331277E0,4.784122328E0
6.486888583E0,-3.718724490E0,-1.449554581E0,-2.297417223E0,4.605241167E0
6.496891583E0,-3.544543537E0,-2.016745609E0,-1.684026175E0,4.412141871E0
6.506895583E0,-3.448422328E0,-2.880207745E0,-8.482304317E-1,4.572385381E0
6.516898583E0,-3.418762327E0,-2.928776473E0,-8.245597333E-1,4.576632630E0
6.526902583E0,-3.336779101E0,-4.652154993E0,7.043222684E-1,5.768250229E0
6.536905583E0,-3.227647837E0,-5.112725260E0,1.158518193E0,6.156284151E0
6.546909583E0,-2.991301334E0,-5.304223326E0,1.272021419E0,6.220989251E0
6.556912583E0,-2.974081576E0,-5.384958757E0,1.311986554E0,6.290011983E0
6.566916583E0,-2.795797048E0,-5.419904641E0,1.066189488E0,6.191010214E0
6.576919583E0,-2.456519668E0,-5.342516157E0,1.778857487E-1,5.882908389E0
6.586923583E0,-2.203805347E0,-5.340266733E0,-9.196442306E-2,5.777859832E0
6.596926583E0,-1.851621116E0,-5.302835197E0,-2.023849976E-1,5.620455638E0
6.606930583E0,-1.471151272E0,-5.325413636E0,-3.866752017E-1,5.538396354E0
6.616934583E0,-1.558356939E0,-5.347903782E0,-3.811618620E-1,5.583353434E0
6.626937583E0,-6.992891313E-1,-5.384441278E0,-6.656020063E-1,5.470305220E0
6.636941583E0,-1.927316466E-1,-5.319457662E0,-7.909095919E-1,5.381385815E0
6.646944583E0,3.601296466E-1,-5.189626086E0,-8.582934898E-1,5.272435868E0
6.656948583E0,9.100455145E-1,-5.011632164E0,-8.622731048E-1,5.166057945E0
6.666951583E0,7.936572716E-1,-4.953835945E0,-8.929780036E-1,5.095860295E0
6.676955583E0,1.746859769E0,-4.411240645E0,-1.081399266E0,4.866208735E0
6.686958583E0,2.233670001E0,-4.071979930E0,-1.361491420E0,4.839830691E0
6.696962583E0,2.121438105E0,-3.994099988E0,-1.395717512E0,4.733007682E0
6.706965583E0,2.977348123E0,-3.376599224E0,-1.721142545E0,4.819580462E0
6.716969583E0,2.891406333E0,-3.292845754E0,-1.755196729E0,4.720569806E0
6.726972583E0,3.822562561E0,-2.331640684E0,-1.305624198E0,4.664031235E0
6.736976583E0,4.343973399E0,-1.748941378E0,-8.828389317E-1,4.765323223E0
6.746980583E0,4.821316404E0,-1.225941559E0,-5.390992498E-1,5.003863764E0
6.756983583E0,5.231897947E0,-9.574660680E-1,-4.509162211E-1,5.337866880E0
6.766987583E0,5.215628654E0,-9.383161443E-1,-4.576978219E-1,5.319088901E0
6.776990583E0,5.760103834E0,-2.955416679E-2,-7.754530621E-1,5.812142210E0
6.786994583E0,5.793939332E0,6.428417194E-1,-4.243394566E-1,5.844915947E0
6.796997583E0,5.720790079E0,1.278153394E0,1.965974236E-1,5.865131352E0
6.807001583E0,5.675405161E0,1.879446261E0,8.246369165E-1,6.035111269E0
6.817004583E0,5.721377724E0,1.846551872E0,8.357109582E-1,6.069788274E0
6.827008583E0,5.153666294E0,3.075516735E0,1.363147352E0,6.154449623E0
6.837011583E0,5.573156070E0,3.930317390E0,1.435217208E0,6.969025169E0
6.847015583E0,5.457205199E0,3.955888434E0,1.944873973E0,7.015174742E0
6.857018583E0,4.429768425E0,3.177877800E0,2.494760166E0,5.995463610E0
6.867022583E0,4.489591873E0,3.196459959E0,2.484135191E0,6.045222833E0
6.877026583E0,1.639971205E0,2.900408121E0,3.885069589E0,5.118167498E0
6.887029583E0,1.672240454E-1,2.767318184E0,5.547157595E0,6.201368494E0
6.897033583E0,-6.210514855E-1,2.184322424E0,7.378453497E0,7.720009418E0
6.907036583E0,-8.913556936E-1,1.098903490E0,8.350549591E0,8.469579820E0
6.917040583E0,-7.573722287E-1,1.047746201E0,8.375739981E0,8.474928025E0
6.927043583E0,-7.891471680E-2,-7.329721633E-1,7.662541639E0,7.697923103E0
6.937047583E0,5.031051790E-1,-1.049203619E0,6.165979537E0,6.274810492E0
6.947050583E0,5.229563665E-1,-1.214569017E0,6.245161362E0,6.383627629E0
6.957054583E0,8.459928484E-1,-6.021915838E-1,2.549799423E0,2.753146509E0
6.967057583E0,8.247901136E-1,-7.754448760E-1,2.639102778E0,2.871664493E0
6.977061583E0,5.948494178E-1,4.238784036E-1,-2.611401594E-1,7.757015623E-1
6.987065583E0,3.446654057E-1,5.647960085E-1,-9.878613567E-1,1.188973857E0
6.997068583E0,1.227719405E-1,3.819898278E-1,-1.366272689E0,1.423969886E0
7.007072583E0,-5.926825494E-2,3.702047646E-2,-1.399517618E0,1.401261148E0
7.017075583E0,-8.631974034E-2,-3.144866467E-2,-1.358276036E0,1.361379413E0
7.027079583E0,-5.122361179E-1,-7.994669920E-1,-8.494156623E-1,1.273985981E0
7.037082583E0,-6.546905903E-1,-1.227628189E0,-3.335041308E-1,1.430704632E0
7.047086583E0,-7.483145262E-1,-1.661692734E0,2.816486835E-2,1.822632885E0
7.057089583E0,-7.726515879E-1,-1.701098875E0,5.311084449E-2,1.869103694E0
7.067093583E0,-9.826721721E-1,-2.080275607E0,3.568134713E-1,2.328198242E0
7.077097583E0,-1.137834106E0,-2.469210758E0,5.649655777E-1,2.776842509E0
7.087100583E0,-1.241137596E0,-2.513285315E0,3.416387773E-1,2.823781624E0
7.097104583E0,-1.422361520E0,-2.489759043E0,-1.470340848E-1,2.871172479E0
7.107107583E0,-1.562596462E0,-2.422989103E0,-8.093300754E-1,2.994594975E0
7.117111583E0,-1.598107188E0,-2.543976765E0,-7.206143653E-1,3.089506341E0
7.127114583E0,-1.444804742E0,-2.311639405E0,-1.951279013E0,3.352406191E0
7.137118583E0,-1.202666498E0,-2.314751294E0,-2.464270445E0,3.588468905E0
7.147121583E0,-9.047623359E-1,-2.252167375E0,-2.814225132E0,3.716277151E0
7.157125583E0,-8.323846234E-1,-2.176820154E0,-2.942415395E0,3.753560777E0
7.167128583E0,-8.634744152E-1,-2.274691435E0,-2.857843022E0,3.753275360E0
7.177132583E0,-1.140152673E0,-1.994689912E0,-3.022906412E0,3.796932859E0
7.187135583E0,-1.497277655E0,-1.678687082E0,-2.786386539E0,3.581030667E0
7.197139583E0,-1.494600946E0,-1.759863392E0,-2.711594219E0,3.561417464E0
7.207143583E0,-2.208845500E0,-1.194859807E0,-2.388173611E0,3.465553578E0
7.217146583E0,-2.202504341E0,-1.261958361E0,-2.323830850E0,3.441475570E0
7.227150208E0,-2.035721724E0,-1.065200139E0,-1.802267400E0,2.920099665E0
7.237153208E0,-1.771384892E0,-1.224998696E0,-1.426337627E0,2.583188972E0
7.247157208E0,-1.580720931E0,-1.358853157E0,-1.185850418E0,2.398208034E0
7.257160208E0,-1.427665822E0,-1.341559432E0,-9.878818220E-1,2.194065154E0
7.267164208E0,-1.442601657E0,-1.371899464E0,-9.561308563E-1,2.208482260E0
7.277167208E0,-1.157955325E0,-8.525263810E-1,-1.173650787E0,1.856102889E0
7.287171208E0,-9.575553842E-1,-5.238380170E-1,-1.313057764E0,1.707465746E0
7.297175208E0,-9.954679265E-1,-5.211921519E-1,-1.314233054E0,1.729105599E0
7.307178208E0,-6.911157471E-1,-2.906481332E-1,-1.519646909E0,1.694533577E0
7.317182208E0,-7.279064280E-1,-2.668639988E-1,-1.542372113E0,1.726260669E0
7.327185208E0,-2.758406808E-1,-2.680726182E-1,-1.005903525E0,1.076936819E0
7.337189208E0,-1.496939467E-1,-2.611232024E-1,-5.542452925E-1,6.306991746E-1
7.347192208E0,-7.019622590E-2,-1.868115234E-1,-1.263729483E-1,2.362121451E-1
7.357196208E0,-1.337400015E-1,-5.010186732E-2,1.487619370E-1,2.062200257E-1
7.367199208E0,-1.030060127E-1,-3.786189079E-2,1.348438096E-1,1.738580295E-1
7.377203208E0,-3.498281317E-1,5.531951326E-1,2.294201839E-1,6.935691726E-1
7.387207208E0,-5.143735676E-1,9.584381676E-1,3.860051107E-1,1.154202683E0
7.397210208E0,-5.102576394E-1,1.578050653E0,7.172364289E-1,1.806940734E0
7.407214208E0,-4.830387409E-1,2.161574124E0,1.161255274E0,2.500848442E0
7.417217208E0,-3.921563085E-1,2.139558188E0,1.182697599E0,2.475938089E0
7.427221208E0,-5.319812150E-1,2.925869529E0,1.596248358E0,3.375163009E0
7.437224208E0,-7.141884215E-1,2.955450009E0,9.304744434E-1,3.179706361E0
7.447228208E0,-6.443608260E-1,2.930278330E0,9.584217954E-1,3.149651457E0
7.457231208E0,-1.795774213E0,2.284495461E0,-7.497247285E-1,3.000968461E0
7.467235208E0,-1.707761631E0,2.306474560E0,-7.680586731E-1,2.970890238E0
7.477238208E0,-4.083370599E0,5.889163578E-1,1.262038468E0,4.314334134E0
7.487242208E0,-4.805667793E0,-2.786022842E-2,2.958776489E0,5.643542987E0
7.497246208E0,-5.169954883E0,-6.203831488E-1,4.182675909E0,6.678928544E0
7.507249208E0,-5.126105443E0,-1.072548920E0,4.925240722E0,7.189249917E0
7.517253208E0,-5.061983707E0,-1.033286036E0,4.895155043E0,7.117155470E0
7.527256208E0,-4.039966425E0,-1.520153278E0,4.569976763E0,6.286245486E0
7.537260208E0,-3.211774109E0,-1.556701300E0,3.243923562E0,4.823054213E0
7.547263208E0,-2.588955887E0,-1.457089303E0,1.886018239E0,3.518929755E0
7.557267208E0,-2.644077004E0,-1.490738860E0,1.912138921E0,3.587439310E0
7.567271208E0,-2.316823547E0,-1.275012855E0,4.291470373E-1,2.679084976E0
7.577274208E0,-1.569645427E0,-6.439076668E-1,-1.578117312E0,2.317079649E0
7.587278208E0,-1.553061846E0,-4.992750335E-1,-1.795580524E0,2.425981467E0
7.597281208E0,-1.813914615E0,-5.668846339E-1,-1.477445800E0,2.407174798E0
7.607285208E0,-2.151351145E0,-7.448031271E-1,-7.771908545E-1,2.405632780E0
7.617288208E0,-2.159860890E0,-7.187724924E-1,-8.030384713E-1,2.413815185E0
7.627292208E0,-2.476125090E0,-1.217688507E0,1.787447047E-1,2.765123945E0
7.637295208E0,-2.376084639E0,-1.497899360E0,2.530382574E-1,2.820196636E0
7.647299208E0,-2.095674688E0,-1.806002017E0,9.335781455E-2,2.768069971E0
7.657302208E0,-1.854180442E0,-1.995054193E0,-1.550699133E-1,2.728052973E0
7.667306208E0,-1.875951234E0,-2.002963137E0,-1.490876269E-1,2.748323395E0
7.677310208E0,-1.226243860E0,-1.660426812E0,-7.960434473E-1,2.212323750E0
7.687313208E0,-7.219690190E-1,-1.450320566E0,-1.143651647E0,1.983080457E0
7.697317208E0,-7.698879015E-1,-1.456725606E0,-1.140233949E0,2.003724116E0
7.707320208E0,-3.683461906E-1,-1.486693756E0,-1.639729423E0,2.243802536E0
7.717324208E0,-4.205629592E-1,-1.478604133E0,-1.649709451E0,2.254924535E0
7.727327208E0,9.283083424E-2,-1.360495639E0,-1.560626535E0,2.072467402E0
7.737331208E0,9.742214106E-2,-1.352891335E0,-1.473341639E0,2.002633672E0
7.747335208E0,-2.241293491E-2,-1.312054381E0,-1.274694182E0,1.829435513E0
7.757338208E0,-1.686328041E-1,-1.156079904E0,-1.063514972E0,1.579880331E0
7.767342208E0,-1.907625601E-1,-1.145127484E0,-1.074079721E0,1.581567120E0
7.777345208E0,-4.665061406E-1,-6.737208652E-1,-9.804143429E-1,1.277787176E0
7.787349208E0,-4.944814495E-1,-4.706517434E-1,-1.072850636E0,1.271626303E0
7.797352208E0,-6.325394370E-1,-2.838519144E-1,-1.184697347E0,1.372656495E0
7.807356208E0,-7.041557689E-1,-1.092125398E-1,-1.302691820E0,1.484846357E0
7.817359208E0,-7.078961597E-1,-1.140967190E-1,-1.298132161E0,1.482997688E0
7.827363208E0,-5.519344729E-1,8.027817786E-2,-1.527881543E0,1.626498773E0
7.837367208E0,-4.830532493E-1,7.002742410E-2,-1.551115454E0,1.626100684E0
7.847370208E0,-3.304661734E-1,-2.317836285E-3,-1.388539470E0,1.427324464E0
7.857374208E0,-2.466447290E-1,-1.125881374E-1,-1.178199336E0,1.208992716E0
7.867377208E0,-2.579487856E-1,-9.504356682E-2,-1.194574463E0,1.225797293E0
7.877381208E0,2.210594010E-2,-9.893722773E-2,-8.300157702E-1,8.361838472E-1
7.887384208E0,-5.033260393E-3,6.678806663E-2,-8.143136573E-1,8.170634688E-1
7.897388208E0,2.711198125E-2,2.792945945E-1,-9.060979861E-1,9.485536835E-1
7.907392208E0,8.215728111E-2,6.227278823E-1,-8.471978134E-1,1.054648742E0
7.917395208E0,6.020362671E-2,6.510781074E-1,-8.725858390E-1,1.090382146E0
7.927399208E0,1.502777729E-1,1.360250056E0,-4.291505456E-1,1.434236318E0
7.937402208E0,1.126531146E-1,1.694175771E0,-2.993137068E-1,1.724097145E0
7.947406208E0,1.011783284E-1,1.715400580E0,-3.178832942E-1,1.747537122E0
7.957409208E0,1.860898674E-1,2.059355439E0,-8.037874997E-2,2.069307857E0
7.967413208E0,1.955487254E-1,2.074474000E0,-9.378641546E-2,2.085779847E0
7.977416208E0,4.245622720E-1,2.073236144E0,7.864165914E-1,2.257656371E0
7.987420208E0,5.596691698E-1,1.951732172E0,1.249412575E0,2.384013388E0
7.997424208E0,5.278275722E-1,1.647516160E0,1.513241284E0,2.298436562E0
8.007427208E0,4.370500243E-1,1.393203210E0,1.663547471E0,2.213462919E0
8.017431208E0,4.846118246E-1,1.389856848E0,1.666697366E0,2.223607607E0
8.027434208E0,3.003594082E-1,1.400498196E0,1.357807090E0,1.973639041E0
8.037438208E0,2.751824305E-1,1.495325416E0,9.627920043E-1,1.799636606E0
8.047441208E0,2.725205038E-1,1.408060400E0,6.128022337E-1,1.559624343E0
8.057445208E0,2.927370144E-1,1.427627522E0,5.963639563E-1,1.574631789E0
8.067449208E0,2.040987434E-1,1.118964118E0,4.713224190E-1,1.231211524E0
8.077452208E0,-1.349611742E-1,4.231255746E-1,6.638823402E-1,7.987424692E-1
8.087456208E0,-2.674764215E-1,2.356129700E-1,7.998745430E-1,8.757033700E-1
8.097459208E0,-3.588703025E-1,1.836125118E-1,1.049241334E0,1.124014602E0
8.107463208E0,-2.047021030E-1,2.061131823E-1,1.225331987E0,1.259295070E0
8.117466208E0,-1.823948656E-1,2.168831688E-1,1.217325395E0,1.249874919E0
8.127470208E0,5.095204517E-1,2.271742684E-1,1.078338248E0,1.214097449E0
8.137474208E0,8.283712408E-1,1.552774894E-1,8.091014493E-1,1.168312957E0
8.147477208E0,1.083130188E0,1.180003202E-1,5.048971313E-1,1.200839786E0
8.157481208E0,1.244062519E0,1.406635433E-1,2.955469304E-1,1.286400316E0
8.167484208E0,1.252231226E0,1.336995095E-1,3.017566735E-1,1.294996406E0
8.177488208E0,1.309154747E0,-1.283884835E-1,3.066905540E-1,1.350714200E0
8.187491208E0,1.074521405E0,-4.722263986E-1,2.464461064E-1,1.199303842E0
8.197495208E0,1.104612712E0,-4.849791759E-1,2.588422036E-1,1.233844938E0
8.207499208E0,2.858381039E-1,-8.011556679E-1,9.353206158E-3,8.506710929E-1
8.217502208E0,3.497158286E-1,-8.231429529E-1,3.241111636E-2,8.949390829E-1
8.227506708E0,-9.016446005E-1,-8.019701850E-1,5.666688716E-1,1.333128941E0
8.237509708E0,-1.230369363E0,-9.096232724E-1,9.411742634E-1,1.796394239E0
8.247513708E0,-1.335764841E0,-1.096794400E0,1.053174756E0,2.023957196E0
8.257516708E0,-1.294264520E0,-1.282561610E0,7.430284971E-1,1.967784612E0
8.267520708E0,-1.260395401E0,-1.336337283E0,7.950231081E-1,2.001613260E0
8.277523708E0,-6.721587816E-1,-1.432434518E0,-5.575425375E-1,1.677653051E0
8.287527708E0,-4.022512340E-1,-1.394531697E0,-1.033165584E0,1.781559944E0
8.297531708E0,-3.952366217E-1,-1.434396259E0,-9.950733125E-1,1.789937293E0
8.307534708E0,-1.322932541E-2,-1.166169859E0,-1.414198807E0,1.833053578E0
8.317538708E0,-1.427831590E-2,-1.186291882E0,-1.395229855E0,1.831436225E0
8.327541708E0,3.409314103E-2,-1.157644034E0,-1.219069619E0,1.681497186E0
8.337545708E0,-7.921493478E-2,-1.067970550E0,-1.271824368E0,1.662640468E0
8.347548708E0,-3.201403926E-1,-9.276677799E-1,-1.416736498E0,1.723426728E0
8.357552708E0,-4.837167621E-1,-7.617857802E-1,-1.447495776E0,1.705738404E0
8.367556708E0,-4.847697725E-1,-7.754676801E-1,-1.434378133E0,1.701115071E0
8.377559708E0,-7.544661625E-1,-5.568747854E-1,-1.356703135E0,1.649233796E0
8.387563708E0,-6.549499874E-1,-6.893288380E-1,-1.391336778E0,1.685215643E0
8.397566708E0,-4.817058315E-1,-8.351589811E-1,-1.436957924E0,1.730427435E0
8.407570708E0,-3.746427282E-1,-9.056074047E-1,-1.423216383E0,1.728012389E0
8.417573708E0,-3.811146457E-1,-9.130245978E-1,-1.416703169E0,1.727978634E0
8.427577708E0,-4.881011505E-1,-8.012006915E-1,-1.194346422E0,1.518758920E0
8.437581708E0,-6.152236388E-1,-6.876331455E-1,-1.054836534E0,1.401434830E0
8.447584708E0,-6.334385926E-1,-6.780442965E-1,-1.066429809E0,1.413598619E0
8.457588708E0,-5.114700595E-1,-4.969121736E-1,-1.032941051E0,1.255185462E0
8.467591708E0,-5.406489082E-1,-4.793734503E-1,-1.053289361E0,1.277309134E0
8.477595708E0,-3.536106589E-1,-3.088066614E-1,-1.192895143E0,1.281951978E0
8.487599708E0,-2.620912090E-1,-7.503848791E-2,-1.078511326E0,1.112433933E0
8.497602708E0,-2.192570653E-1,1.237802929E-1,-9.716423500E-1,1.003735064E0
8.507606708E0,-2.482202248E-1,2.874865437E-1,-8.791429067E-1,9.576815980E-1
8.517609708E0,-2.589261112E-1,3.179563844E-1,-9.087356651E-1,9.969651460E-1
8.527613708E0,-5.886070400E-1,5.485191143E-1,-2.474933428E-1,8.417745666E-1
8.537616708E0,-7.190592252E-1,6.126806116E-1,2.064517361E-1,9.669777767E-1
8.547620708E0,-7.557498457E-1,6.030163336E-1,5.667016160E-1,1.120686062E0
8.557624708E0,-7.523186264E-1,6.392374957E-1,5.342519081E-1,1.122511912E0
8.567627708E0,-8.433512226E-1,5.834188056E-1,7.577079320E-1,1.275045135E0
8.577631708E0,-8.266351294E-1,7.687726182E-1,1.237408242E0,1.674967502E0
8.587634708E0,-7.088333222E-1,1.169981659E0,1.584166841E0,2.093056698E0
8.597638708E0,-8.416618158E-1,1.692347932E0,1.919195926E0,2.693649780E0
8.607641708E0,-1.177182505E0,2.189758873E0,2.086741458E0,3.245811530E0
8.617645708E0,-1.143061078E0,2.220325193E0,2.064070634E0,3.239879654E0
8.627649708E0,-2.157725633E0,2.177545794E0,2.313658449E0,3.840638099E0
8.637652708E0,-2.564964761E0,1.630822359E0,2.601275970E0,4.000657754E0
8.647656708E0,-3.007773818E0,8.500383908E-1,2.932382158E0,4.285806077E0
8.657659708E0,-3.355702153E0,-4.557319880E-3,3.254719276E0,4.674821416E0
8.667663708E0,-3.295801814E0,2.327133358E-2,3.239790750E0,4.621590122E0
8.677666708E0,-3.612048472E0,-8.609703451E-1,3.699888269E0,5.241882992E0
8.687670708E0,-3.470332722E0,-1.053639609E0,3.590604393E0,5.103509140E0
8.697674708E0,-3.046674466E0,-1.137363551E0,2.990219892E0,4.417831612E0
8.707677708E0,-2.358207508E0,-1.013402579E0,1.993502927E0,3.249950978E0
8.717681708E0,-2.376244560E0,-1.058085247E0,2.027876953E0,3.298237035E0
8.727684708E0,-1.079860132E0,-8.233458513E-1,-3.224178100E-1,1.395689629E0
8.737688708E0,-6.077078471E-1,-6.059873039E-1,-1.289026877E0,1.548586365E0
8.747692708E0,-3.487207056E-1,-3.283743685E-1,-2.077029818E0,2.131546087E0
8.757695708E0,-1.772951069E-1,-1.533145791E-1,-2.592374754E0,2.602949439E0
8.767699708E0,-1.900797515E-1,-1.795083511E-1,-2.571041772E0,2.584300554E0
8.777702708E0,-2.599143637E-1,-9.291284144E-2,-2.323212215E0,2.339551937E0
8.787706708E0,-4.664683530E-1,-2.205324161E-1,-1.314752871E0,1.412374732E0
8.797709708E0,-6.838624223E-1,-5.135030633E-1,-4.517465258E-1,9.671753368E-1
8.807713708E0,-7.738732906E-1,-8.056913531E-1,1.562370175E-1,1.128019695E0
8.817717708E0,-7.365383070E-1,-8.130050504E-1,1.684214455E-1,1.109879125E0
8.827720708E0,-9.494447844E-1,-1.230127873E0,5.626401401E-1,1.652641495E0
8.837724708E0,-8.606193660E-1,-1.185207224E0,3.581554073E-1,1.507865098E0
8.847727708E0,-8.509803041E-1,-1.071338546E0,-1.083442283E-1,1.372469391E0
8.857731708E0,-8.164896255E-1,-8.776033348E-1,-5.793152297E-1,1.331333563E0
8.867734708E0,-8.188603791E-1,-9.111803859E-1,-5.487337071E-1,1.342345223E0
8.877738708E0,-6.605926967E-1,-4.247598714E-1,-1.331750143E0,1.546079591E0
8.887742708E0,-4.119671868E-1,-3.667192394E-1,-1.607807719E0,1.699778110E0
8.897745708E0,-1.051763530E-1,-3.809227109E-1,-1.850212229E0,1.891943305E0
8.907749708E0,1.402815740E-1,-4.449356890E-1,-2.053813448E0,2.106133036E0
8.917752708E0,9.401292197E-2,-4.507846588E-1,-2.055183451E0,2.106139657E0
8.927756708E0,4.073370691E-1,-4.798225164E-1,-2.030614620E0,2.125923063E0
8.937760708E0,3.359601807E-1,-3.987964797E-1,-1.822807499E0,1.895925909E0
8.947763708E0,1.418001690E-1,-2.789572102E-1,-1.652619025E0,1.681985153E0
8.957767708E0,-7.583319761E-2,-9.807944119E-2,-1.507675320E0,1.512764067E0
8.967770708E0,-1.060175481E-1,-9.289880812E-2,-1.516161969E0,1.522700570E0
8.977774708E0,-3.114849785E-1,2.841442752E-1,-1.367416989E0,1.430940279E0
8.987778708E0,-4.071383368E-1,3.586974442E-1,-1.270279534E0,1.381316610E0
8.997781708E0,-5.576115346E-1,3.206706619E-1,-1.194458104E0,1.356646770E0
9.007785708E0,-6.463026132E-1,2.220585394E-1,-1.055285600E0,1.257236955E0
9.017788708E0,-6.693279983E-1,2.246868628E-1,-1.060144637E0,1.273731057E0
9.027792708E0,-5.375033985E-1,2.470840377E-1,-6.598781669E-1,8.862277474E-1
9.037795708E0,-3.654501743E-1,3.089885098E-1,-6.246036690E-1,7.868656000E-1
9.047799708E0,-1.351011602E-1,4.449333501E-1,-7.035276318E-1,8.433084478E-1
9.057803708E0,-1.833206626E-1,4.532159311E-1,-7.152244020E-1,8.663469805E-1
9.067806708E0,1.038494736E-2,6.114684838E-1,-7.187321466E-1,9.437041127E-1
9.077810708E0,2.617909545E-1,7.033557236E-1,-6.791441578E-1,1.012166273E0
9.087813708E0,2.065749662E-1,6.225933963E-1,-6.948106027E-1,9.555404373E-1
9.097817708E0,1.762008370E-1,6.583532131E-1,-5.912008649E-1,9.022162439E-1
9.107821708E0,2.941519675E-1,9.116206813E-1,-4.350410306E-1,1.052063850E0
9.117824708E0,2.497198894E-1,9.121001530E-1,-4.372495240E-1,1.041860767E0
9.127828708E0,6.187416892E-1,1.361361027E0,-3.436987513E-1,1.534364349E0
9.137831708E0,8.210917497E-1,1.478542737E0,-1.171524739E-1,1.695289058E0
9.147835708E0,9.613818752E-1,1.581650784E0,2.281033909E-1,1.864914333E0
9.157838708E0,1.171980968E0,1.644116589E0,5.371655756E-1,2.089307446E0
9.167842708E0,1.482172250E0,1.723504820E0,8.901064360E-1,2.441227747E0
9.177846708E0,1.712407390E0,1.804839590E0,1.053729656E0,2.701875497E0
9.187849708E0,1.794875204E0,1.880431225E0,8.294216931E-1,2.728651486E0
9.197853708E0,1.660670787E0,1.961253194E0,3.201151764E-1,2.589751973E0
9.207856708E0,1.310229758E0,2.029853312E0,-8.531087637E-2,2.417495488E0
9.217860333E0,9.053819945E-1,2.020722885E0,8.448817313E-2,2.215891646E0
9.227864333E0,5.682485335E-1,1.707353057E0,8.497372591E-1,1.989978459E0
9.237867333E0,3.459707601E-1,1.093688359E0,1.640456232E0,2.001735907E0
9.247871333E0,3.404908226E-1,2.511899525E-1,2.162775727E0,2.203776131E0
9.257874333E0,5.119680230E-1,-5.959236610E-1,2.358134125E0,2.485564890E0
9.267878333E0,8.156838061E-1,-1.186113542E0,2.387964281E0,2.788293172E0
9.277882333E0,1.159798148E0,-1.473380231E0,2.161243756E0,2.861285659E0
9.287885333E0,1.543690806E0,-1.417517102E0,1.528963863E0,2.594237177E0
9.297889333E0,1.524833828E0,-1.410458928E0,1.523334163E0,2.575860936E0
9.307892333E0,1.834539645E0,-4.224759489E-1,-3.464182913E-2,1.882875910E0
9.317896333E0,1.818167734E0,-4.307550216E-1,-2.772983551E-2,1.868703492E0
9.327900333E0,1.870309110E0,6.327120030E-1,-9.223824817E-1,2.179259068E0
9.337903333E0,1.852554624E0,1.021154233E0,-1.179087528E0,2.421768363E0
9.347907333E0,1.919626719E0,1.255939822E0,-1.212567515E0,2.594739208E0
9.357910333E0,1.892947482E0,1.160349541E0,-1.087125444E0,2.472145416E0
9.367914333E0,1.776056086E0,8.290223283E-1,-9.449334383E-1,2.175902674E0
9.377917333E0,1.638049226E0,3.730354017E-1,-8.735605699E-1,1.893533402E0
9.387921333E0,1.423727137E0,-9.760289311E-2,-6.982879418E-1,1.588751502E0
9.397925333E0,1.122991972E0,-5.601971734E-1,-2.825737131E-1,1.286382426E0
9.407928333E0,8.335915618E-1,-9.643380082E-1,3.778967768E-1,1.329521967E0
9.417932333E0,8.449152797E-1,-9.138040316E-1,3.390051913E-1,1.289900833E0
9.427935333E0,2.556855294E-1,-1.678239770E0,1.778985541E0,2.458994382E0
9.437939333E0,1.029501353E-1,-1.877363775E0,2.125915464E0,2.838064488E0
9.447943333E0,1.299022363E-1,-1.982391463E0,2.084887306E0,2.879844715E0
9.457946333E0,1.863898844E-1,-2.011540418E0,1.400278925E0,2.458010803E0
9.467950333E0,3.098881039E-1,-1.880440580E0,4.680842310E-1,1.962444970E0
9.477953333E0,4.023769126E-1,-1.621137616E0,-3.472135127E-1,1.706033872E0
9.487957333E0,4.896397723E-1,-1.363290609E0,-9.807920730E-1,1.749360306E0
9.497961333E0,6.472725932E-1,-1.209591283E0,-1.425860494E0,1.978674058E0
9.507964333E0,7.219931388E-1,-1.086800923E0,-1.631907603E0,2.089385738E0
9.517968333E0,7.103880237E-1,-9.512484312E-1,-1.459517652E0,1.881413431E0
9.527971333E0,6.356899899E-1,-8.188347244E-1,-1.183833713E0,1.573548324E0
9.537975333E0,5.474877751E-1,-7.096683776E-1,-1.056232849E0,1.385279720E0
9.547979333E0,5.090948474E-1,-6.724853486E-1,-1.094615142E0,1.381881477E0
9.557982333E0,5.131944765E-1,-6.887534720E-1,-1.081978140E0,1.381458147E0
9.567986333E0,5.042792268E-1,-7.192671669E-1,-1.229347270E0,1.510939280E0
9.577989333E0,5.424159367E-1,-7.757249576E-1,-1.137238421E0,1.479620047E0
9.587993333E0,5.809298652E-1,-8.354881793E-1,-9.106137908E-1,1.365553910E0
9.597997333E0,5.588778953E-1,-9.265410215E-1,-7.168446654E-1,1.297955716E0
9.608000333E0,5.291706411E-1,-9.413707298E-1,-6.154182780E-1,1.242956184E0
9.618004333E0,5.510107590E-1,-9.616623223E-1,-5.996348888E-1,1.260146531E0
9.628007333E0,4.643461061E-1,-8.163958508E-1,-6.833143920E-1,1.161480973E0
9.638011333E0,4.622778362E-1,-6.598828447E-1,-8.697721589E-1,1.185601018E0
9.648015333E0,4.411028757E-1,-4.970010513E-1,-1.045950521E0,1.239190979E0
9.658018333E0,5.156485529E-1,-3.074015754E-1,-1.136040911E0,1.284903930E0
9.668022333E0,5.899899796E-1,-1.053995705E-1,-1.191103556E0,1.333388513E0
9.678025333E0,5.269265894E-1,-1.513610244E-2,-1.124141827E0,1.241602022E0
9.688029333E0,4.663387641E-1,-1.438298106E-2,-8.689997417E-1,9.863261449E-1
9.698032333E0,4.390068681E-1,2.755734265E-2,-5.632517588E-1,7.146600459E-1
9.708036333E0,4.781955287E-1,1.723490202E-1,-3.609281570E-1,6.234134125E-1
9.718040333E0,5.586427276E-1,3.705573517E-1,-3.269429702E-1,7.458459317E-1
9.728043333E0,6.651799104E-1,5.155215222E-1,-3.663035023E-1,9.178262411E-1
9.738047333E0,8.071644860E-1,7.005823892E-1,-3.306173605E-1,1.118766298E0
9.748051333E0,8.440757657E-1,8.956256229E-1,-1.079974884E-1,1.235424062E0
9.758054333E0,9.573754361E-1,1.245811275E0,2.951768017E-1,1.598669073E0
9.768058333E0,1.070126930E0,1.645038110E0,5.834246528E-1,2.047365711E0
9.778061333E0,1.004780275E0,1.969744520E0,5.993255711E-1,2.290997166E0
9.788065333E0,7.597328228E-1,2.315958159E0,5.085522258E-1,2.489875805E0
9.798068333E0,1.340180274E-1,2.728901977E0,6.018194085E-1,2.797687158E0
9.808072333E0,-6.362892564E-1,3.014347842E0,1.110868063E0,3.274932791E0
9.818076333E0,-1.291608130E0,2.817514776E0,2.170324482E0,3.783774496E0
9.828079333E0,-1.793701083E0,1.975002337E0,3.292235012E0,4.237547543E0
9.838083333E0,-2.191003014E0,6.126893824E-1,3.893138162E0,4.509147063E0
9.848087333E0,-2.304075155E0,-7.088725716E-1,3.975682721E0,4.649442519E0
9.858090333E0,-2.198588461E0,-1.545470552E0,3.579305234E0,4.475901742E0
9.868094333E0,-2.112825010E0,-1.989850756E0,3.114304824E0,4.257044761E0
9.878097333E0,-2.004706923E0,-1.963056475E0,3.055257887E0,4.148137091E0
9.888101333E0,-1.964310995E0,-1.652865778E0,3.216195481E0,4.115142323E0
9.898104333E0,-1.946747567E0,-1.363793469E0,3.258949152E0,4.033671813E0
9.908108333E0,-1.847230296E0,-1.106903651E0,2.912249025E0,3.621973197E0
9.918112333E0,-1.853240210E0,-1.122932038E0,2.923293831E0,3.638835316E0
9.928115333E0,-1.363961723E0,-6.800615859E-1,1.059296206E0,1.856066753E0
9.938119333E0,-9.852213389E-1,-4.893593252E-1,2.820170581E-2,1.100422179E0
9.948123333E0,-6.004560571E-1,-2.702933908E-1,-8.465324003E-1,1.072484545E0
9.958126333E0,-3.057763419E-1,-1.172004211E-1,-1.501752090E0,1.537040810E0
9.968130333E0,-2.893166125E-1,-1.895164454E-1,-1.445812948E0,1.486605417E0
9.978133333E0,-3.167275921E-2,-9.652291238E-2,-1.729364315E0,1.732345454E0
9.988137333E0,-1.747829968E-1,-1.443636614E-1,-1.425860494E0,1.443768718E0